launch_date,mission_name,vehicle,source,launch_site,lat,lon,label,cloud_cover_pct,wind_speed_ms,precipitation_mm,temperature_c,relative_humidity_pct,surface_pressure_hpa,precip_3day_sum,cloud_cover_day_minus_1,wind_speed_max_3day,month,is_monsoon_season,day_of_year,is_cyclone_season,vehicle_PSLV,vehicle_GSLV,vehicle_LVM3,vehicle_Falcon
2023-09-02 00:00:00,Aditya-L1,PSLV-XL,ISRO,Sriharikota,13.7199,80.2304,1,35.916138,5.0051413,0.0019073486,30.541168,81.647224,1002.61127,0.30517578125,14.654541,4.236733436584473,9.0,1,245.0,0,1,0,0,0
2023-07-14 00:00:00,Chandrayaan-3,LVM3,ISRO,Sriharikota,13.7199,80.2304,1,15.093994,4.2126846,0.030040741,32.326324,72.41725,1003.10376,0.26702880859375,90.52124,3.8949780464172363,7.0,1,195.0,0,0,0,1,0
2013-11-05 00:00:00,Mars Orbiter Mission,PSLV-XL,ISRO,Sriharikota,13.7199,80.2304,1,11.904907,5.818242,0.009536743,27.570465,75.96346,1012.435,0.6146430969238281,15.426636,5.859097480773926,11.0,0,309.0,1,1,0,0,0
2008-10-22 00:00:00,Chandrayaan-1,PSLV-XL,ISRO,Sriharikota,13.7199,80.2304,1,100.0,4.5538583,1.7523766,26.14566,90.16622,1005.8644,2.2683143615722656,100.0,5.336740493774414,10.0,0,296.0,1,1,0,0,0
2017-02-15 00:00:00,Cartosat-2D,PSLV-XL,ISRO,Sriharikota,13.7199,80.2304,1,21.54541,4.8641357,0.0,26.653961,70.395355,1015.9519,0.0,7.4249268,5.599761486053467,2.0,0,46.0,0,1,0,0,0
2019-07-22 00:00:00,Chandrayaan-2,LVM3,ISRO,Sriharikota,13.7199,80.2304,1,100.0,4.775051,0.015735626,28.93155,79.52348,1001.7581,0.2346038818359375,100.0,5.282383918762207,7.0,1,203.0,0,0,0,1,0
2019-06-26 00:00:00,ISRO Scrubbed #0,PSLV-XL,ISRO,Sriharikota,13.7199,80.2304,0,93.1488,1.9692874,0.0,30.75943,74.659584,1003.52625,0.25272369384765625,98.76099,5.604238033294678,6.0,1,177.0,0,1,0,0,0
2021-04-05 00:00:00,ISRO Scrubbed #1,GSLV Mk II,ISRO,Sriharikota,13.7199,80.2304,0,21.777344,3.6808894,0.0,29.490875,76.73894,1006.39374,0.0,0.9063721,6.361068248748779,4.0,0,95.0,0,0,1,0,0
2011-08-24 00:00:00,ISRO Scrubbed #2,GSLV Mk II,ISRO,Sriharikota,13.7199,80.2304,0,63.500977,2.7631512,0.002861023,29.81363,78.0058,1001.9981,1.3823509216308594,93.896484,4.657867431640625,8.0,1,236.0,0,0,1,0,0
2016-04-20 00:00:00,ISRO Scrubbed #3,PSLV-XL,ISRO,Sriharikota,13.7199,80.2304,0,0.0,7.028538,0.0,30.892242,79.71477,1006.27563,0.0,0.0,7.957850456237793,4.0,0,111.0,0,1,0,0,0
2011-05-28 00:00:00,ISRO Scrubbed #4,PSLV-XL,ISRO,Sriharikota,13.7199,80.2304,0,85.04028,4.373738,0.04529953,31.10025,75.6101,1001.8156,0.0,4.7180176,6.413658618927002,5.0,0,148.0,0,1,0,0,0
2016-07-18 00:00:00,ISRO Scrubbed #5,GSLV Mk II,ISRO,Sriharikota,13.7199,80.2304,0,96.85364,4.0277815,0.0,31.741852,72.03545,1003.8744,0.018596649169921875,88.81531,5.954602241516113,7.0,1,200.0,0,0,1,0,0
2015-12-22 00:00:00,ISRO Scrubbed #6,GSLV Mk II,ISRO,Sriharikota,13.7199,80.2304,0,0.0,2.3070157,0.0,27.569,73.77486,1013.1344,0.0,41.333008,3.833190441131592,12.0,0,356.0,1,0,1,0,0
2021-12-28 00:00:00,ISRO Scrubbed #7,PSLV-XL,ISRO,Sriharikota,13.7199,80.2304,0,6.9885254,4.227807,0.00047683716,26.543854,76.00071,1012.85565,0.0,10.665894,3.084599018096924,12.0,0,362.0,1,1,0,0,0
2010-10-11 00:00:00,ISRO Scrubbed #8,LVM3,ISRO,Sriharikota,13.7199,80.2304,0,99.18823,0.94586164,0.0,31.602692,67.116936,1004.965,0.0,94.44885,4.081119060516357,10.0,0,284.0,1,0,0,1,0
2011-10-17 00:00:00,ISRO Scrubbed #9,PSLV-XL,ISRO,Sriharikota,13.7199,80.2304,0,18.59436,3.7569907,0.0,29.144196,77.175,1005.84375,0.010013580322265625,54.663086,3.961266040802002,10.0,0,290.0,1,1,0,0,0
2021-08-11 00:00:00,ISRO Scrubbed #10,LVM3,ISRO,Sriharikota,13.7199,80.2304,0,51.831055,2.164599,1.3160706,30.89566,77.13192,1004.5712,0.0,82.42798,5.297962188720703,8.0,1,223.0,0,0,0,1,0
2010-10-15 00:00:00,ISRO Scrubbed #11,LVM3,ISRO,Sriharikota,13.7199,80.2304,0,100.0,3.2500823,0.0,31.08023,62.942875,1002.2706,0.0,100.0,2.6909103393554688,10.0,0,288.0,1,0,0,1,0
2023-03-13 00:00:00,ISRO Scrubbed #12,GSLV Mk II,ISRO,Sriharikota,13.7199,80.2304,0,7.626343,4.573882,0.0,28.40274,74.49343,1009.5681,0.0,1.3885498,4.947164058685303,3.0,0,72.0,0,0,1,0,0
2017-04-25 00:00:00,ISRO Scrubbed #13,LVM3,ISRO,Sriharikota,13.7199,80.2304,0,22.628784,5.336953,0.0,29.500885,89.938995,1005.11127,0.0,11.416626,6.828890800476074,4.0,0,115.0,0,0,0,1,0
2010-11-18 00:00:00,ISRO Scrubbed #14,PSLV-XL,ISRO,Sriharikota,13.7199,80.2304,0,31.729126,4.357143,0.17642975,26.824127,86.50101,1009.41,3.8604736328125,97.24121,6.922417163848877,11.0,0,322.0,1,1,0,0,0
2020-04-16 00:00:00,ISRO Scrubbed #15,PSLV-XL,ISRO,Sriharikota,13.7199,80.2304,0,0.0,6.308981,0.0,30.033112,78.63091,1007.22437,0.0,0.0,5.333500385284424,4.0,0,107.0,0,1,0,0,0
2018-04-19 00:00:00,ISRO Scrubbed #16,GSLV Mk II,ISRO,Sriharikota,13.7199,80.2304,0,100.0,7.6828914,0.0,30.801178,80.773964,1003.5925,0.0,82.4707,7.129794597625732,4.0,0,109.0,0,0,1,0,0
2020-12-15 00:00:00,ISRO Scrubbed #17,LVM3,ISRO,Sriharikota,13.7199,80.2304,0,19.052124,4.284999,0.0,27.647125,70.09706,1011.795,0.0,3.479004,4.469813346862793,12.0,0,350.0,1,0,0,1,0
2018-05-31 00:00:00,ISRO Scrubbed #18,PSLV-XL,ISRO,Sriharikota,13.7199,80.2304,0,5.6488037,6.401223,0.0,31.115387,82.264534,1000.6756,0.0,81.56433,8.017877578735352,5.0,0,151.0,0,1,0,0,0
2017-02-18 00:00:00,ISRO Scrubbed #19,LVM3,ISRO,Sriharikota,13.7199,80.2304,0,0.0,3.069877,0.0,26.403717,72.301254,1013.1794,0.0,0.0,5.2867302894592285,2.0,0,49.0,0,0,0,1,0
2012-07-27 00:00:00,ISRO Scrubbed #20,LVM3,ISRO,Sriharikota,13.7199,80.2304,0,97.19849,4.946253,0.35524368,30.351227,72.3757,1000.9425,0.0,99.75891,3.576822519302368,7.0,1,209.0,0,0,0,1,0
2013-12-09 00:00:00,ISRO Scrubbed #21,GSLV Mk II,ISRO,Sriharikota,13.7199,80.2304,0,100.0,4.6865964,0.0,26.269928,60.25792,1005.995,1.1801719665527344,100.0,7.974671840667725,12.0,0,343.0,1,0,1,0,0
2012-12-05 00:00:00,ISRO Scrubbed #22,GSLV Mk II,ISRO,Sriharikota,13.7199,80.2304,0,70.71228,4.443151,0.23269653,25.819,91.96949,1010.2456,7.176876068115234,99.09363,9.115787506103516,12.0,0,340.0,1,0,1,0,0
2015-09-10 00:00:00,ISRO Scrubbed #23,GSLV Mk II,ISRO,Sriharikota,13.7199,80.2304,0,99.66736,1.9494332,0.047683716,30.08731,67.03507,1005.7413,0.001430511474609375,89.07471,5.176001071929932,9.0,1,253.0,0,0,1,0,0
2018-02-12 00:00:00,ISRO Scrubbed #24,PSLV-XL,ISRO,Sriharikota,13.7199,80.2304,0,88.85498,5.0396953,0.0,26.787018,71.11512,1014.21375,0.0,90.90576,5.202500343322754,2.0,0,43.0,0,1,0,0,0
2024-01-03 03:44:00,Starlink: Group 7-9 (22 satellites),F9 B5 B1082‑1,SpaceX,Cape Canaveral,28.5721,-80.648,1,58.43811,5.4426265,0.0,26.683746,71.844124,1011.4881,0.0,96.77124,5.141428470611572,1.0,0,3.0,0,0,0,0,0
2024-01-03 23:04:00,Ovzon-3,F9 B5 B1076‑10,SpaceX,Cape Canaveral,28.5721,-80.648,1,58.43811,5.4426265,0.0,26.683746,71.844124,1011.4881,0.0,96.77124,5.141428470611572,1.0,0,3.0,0,0,0,0,0
2024-01-07 22:35:00,Starlink: Group 6-35 (23 satellites),F9 B5 B1067‑16,SpaceX,Cape Canaveral,28.5721,-80.648,1,100.0,6.8090825,0.81014633,26.55606,82.508224,1011.3856,0.04673004150390625,62.313843,5.442626476287842,1.0,0,7.0,0,0,0,0,0
2024-01-14 08:59:00,Starlink: Group 7-10 (22 satellites),F9 B5 B1061‑18,SpaceX,Cape Canaveral,28.5721,-80.648,1,5.999756,3.379219,0.0,26.663483,77.62768,1011.6669,0.0,7.104492,3.676024913787842,1.0,0,14.0,0,0,0,0,0
2024-01-15 01:52:00,Starlink: Group 6-37 (23 satellites),F9 B5 B1073‑12,SpaceX,Cape Canaveral,28.5721,-80.648,1,15.072632,3.1986115,0.0,26.715485,71.6853,1011.1269,0.0,5.999756,3.676024913787842,1.0,0,15.0,0,0,0,0,0
2024-01-18 21:49:00,Ax-3 (Crew Dragon C212-3 Freedom),F9 B5 B1080‑5,SpaceX,Cape Canaveral,28.5721,-80.648,1,6.4056396,3.460771,0.0,27.17276,68.63982,1010.9875,0.0,0.0,3.3792190551757812,1.0,0,18.0,0,0,0,0,0
2024-01-24 00:35:00,Starlink: Group 7-11 (22 satellites),F9 B5 B1063‑16,SpaceX,Cape Canaveral,28.5721,-80.648,1,0.0,4.439385,0.0,27.862457,69.020744,1011.5069,0.0,0.9979248,4.541450023651123,1.0,0,24.0,0,0,0,0,0
2024-01-29 01:10:00,Starlink: Group 6-38 (23 satellites),F9 B5 B1062‑18,SpaceX,Cape Canaveral,28.5721,-80.648,1,100.0,4.467929,0.0,26.357086,63.917507,1013.96375,0.0057220458984375,97.57385,4.911632537841797,1.0,0,29.0,0,0,0,0,0
2024-01-29 05:57:00,Starlink: Group 7-12 (22 satellites),F9 B5 B1075‑9,SpaceX,Cape Canaveral,28.5721,-80.648,1,100.0,4.467929,0.0,26.357086,63.917507,1013.96375,0.0057220458984375,97.57385,4.911632537841797,1.0,0,29.0,0,0,0,0,0
2024-01-30 17:07:00,"CRS NG-20 (S.S. Patricia ""Patty"" Hilliard Robertson)",F9 B5 B1077‑10,SpaceX,Cape Canaveral,28.5721,-80.648,1,0.7598877,4.374417,0.0,26.964752,67.49966,1012.60376,0.0057220458984375,100.0,4.911632537841797,1.0,0,30.0,0,0,0,0,0
2024-02-08 06:33:00,PACE,F9 B5 B1081‑4,SpaceX,Cape Canaveral,28.5721,-80.648,1,0.0,3.5934477,0.0,27.893463,73.96468,1011.53186,0.0,0.0,3.829684257507324,2.0,0,39.0,0,0,0,0,0
2024-02-10 00:34:00,Starlink: Group 7-13 (22 satellites),F9 B5 B1071‑14,SpaceX,Cape Canaveral,28.5721,-80.648,1,9.091187,4.458482,0.0,28.40982,73.27791,1014.0275,0.0,0.0,3.797443389892578,2.0,0,41.0,0,0,0,0,0
2024-02-14 22:30:00,USSF-124 (6 satellites),F9 B5 B1078‑7,SpaceX,Cape Canaveral,28.5721,-80.648,1,81.94885,4.7244887,0.0,27.947906,72.613976,1012.64124,0.0,1.0009766,5.5188374519348145,2.0,0,45.0,0,0,0,0,0
2024-02-15 06:05:00,IM-1 Nova-C Odysseus lander,F9 B5 B1060‑18,SpaceX,Cape Canaveral,28.5721,-80.648,1,93.18848,4.0585794,0.0,27.944977,68.64615,1013.3894,0.0,81.94885,5.5188374519348145,2.0,0,46.0,0,0,0,0,0
2024-02-15 21:34:00,Starlink: Group 7-14 (22 satellites),F9 B5 B1082‑2,SpaceX,Cape Canaveral,28.5721,-80.648,1,93.18848,4.0585794,0.0,27.944977,68.64615,1013.3894,0.0,81.94885,5.5188374519348145,2.0,0,46.0,0,0,0,0,0
2024-02-20 20:11:00,Telkomsat HTS 113BT,F9 B5 B1067‑17,SpaceX,Cape Canaveral,28.5721,-80.648,1,0.0,5.4809,0.0,28.412994,72.974045,1010.03564,0.0,0.57373047,5.430210590362549,2.0,0,51.0,0,0,0,0,0
2024-02-23 04:11:00,Starlink: Group 7-15 (22 satellites),F9 B5 B1061‑19,SpaceX,Cape Canaveral,28.5721,-80.648,1,1.9989014,7.4232316,0.0,28.861725,83.839386,1008.20435,0.0,60.906982,7.13215446472168,2.0,0,54.0,0,0,0,0,0
2024-02-25 22:06:00,Starlink: Group 6-39 (24 satellites),F9 B5 B1069‑13,SpaceX,Cape Canaveral,28.5721,-80.648,1,21.035767,4.7385335,0.0,28.09439,72.36658,1009.7175,0.0,27.722168,7.423231601715088,2.0,0,56.0,0,0,0,0,0
2024-02-29 15:30:00,Starlink: Group 6-40 (23 satellites),F9 B5 B1076‑11,SpaceX,Cape Canaveral,28.5721,-80.648,1,2.9205322,3.98089,0.0,28.864899,74.458206,1010.5831,0.0,0.0,5.180871963500977,2.0,0,60.0,0,0,0,0,0
2024-03-04 03:53:00,Crew-8 (Crew Dragon C206-5 Endeavour),F9 B5 B1083‑1,SpaceX,Cape Canaveral,28.5721,-80.648,1,46.154785,5.4559374,0.0,27.905914,71.40111,1009.9406,0.0,0.0,5.756453037261963,3.0,0,64.0,0,0,0,0,0
2024-03-04 22:05:00,Transporter-10 (53 payload smallsat rideshare),F9 B5 B1081‑5,SpaceX,Cape Canaveral,28.5721,-80.648,1,46.154785,5.4559374,0.0,27.905914,71.40111,1009.9406,0.0,0.0,5.756453037261963,3.0,0,64.0,0,0,0,0,0
2024-03-04 23:56:00,Starlink: Group 6-41 (23 satellites),F9 B5 B1073‑13,SpaceX,Cape Canaveral,28.5721,-80.648,1,46.154785,5.4559374,0.0,27.905914,71.40111,1009.9406,0.0,0.0,5.756453037261963,3.0,0,64.0,0,0,0,0,0
2024-03-10 23:05:00,Starlink: Group 6-43 (23 satellites),F9 B5 B1077‑11,SpaceX,Cape Canaveral,28.5721,-80.648,1,0.0,5.254157,0.0,28.956451,72.71728,1011.91125,0.0,5.4382324,6.434813976287842,3.0,0,70.0,0,0,0,0,0
2024-03-11 04:09:00,Starlink: Group 7-17 (23 satellites),F9 B5 B1063‑17,SpaceX,Cape Canaveral,28.5721,-80.648,1,0.0,5.156336,0.0,28.97232,73.599754,1011.8762,0.0,0.0,6.434813976287842,3.0,0,71.0,0,0,0,0,0
2024-03-16 00:21:00,Starlink: Group 6-44 (23 satellites),F9 B5 B1062‑19,SpaceX,Cape Canaveral,28.5721,-80.648,1,13.842773,7.342791,0.0,28.947662,79.73187,1009.5513,0.0,0.0,7.327073097229004,3.0,0,76.0,0,0,0,0,0
2024-03-19 02:28:00,Starlink: Group 7-16 (20 satellites) + 2 Starshield satellites,F9 B5 B1075‑10,SpaceX,Cape Canaveral,28.5721,-80.648,1,0.0,5.837526,0.0,28.672272,76.04267,1009.0544,0.0,0.0,7.3427910804748535,3.0,0,79.0,0,0,0,0,0
2024-03-21 20:55:00,SpaceX CRS-30 (Dragon C209-4),F9 B5 B1080‑6,SpaceX,Cape Canaveral,28.5721,-80.648,1,20.440674,4.456361,0.0,29.054108,74.41042,1009.16,0.0,2.0935059,5.837525844573975,3.0,0,81.0,0,0,0,0,0
2024-03-24 03:09:00,Starlink: Group 6-42 (23 satellites),F9 B5 B1060‑19,SpaceX,Cape Canaveral,28.5721,-80.648,1,89.16626,6.0291853,0.0,28.949127,77.06274,1009.83124,0.0,0.0,5.962549209594727,3.0,0,84.0,0,0,0,0,0
2024-03-25 23:42:00,Starlink: Group 6-46 (23 satellites),F9 B5 B1078‑8,SpaceX,Cape Canaveral,28.5721,-80.648,1,0.0,4.052373,0.0,28.67154,74.12411,1010.1912,0.0,89.16626,6.0291852951049805,3.0,0,85.0,0,0,0,0,0
2024-03-30 21:52:00,Eutelsat 36D,F9 B5 B1076‑12,SpaceX,Cape Canaveral,28.5721,-80.648,1,0.0,7.1886225,0.0,30.191315,71.76624,1008.9988,0.0,0.0,6.8331732749938965,3.0,0,90.0,0,0,0,0,0
2024-03-31 01:30:00,Starlink: Group 6-45 (23 satellites),F9 B5 B1067‑18,SpaceX,Cape Canaveral,28.5721,-80.648,1,0.0,7.6505766,0.0,30.105377,79.70057,1009.54877,0.0,0.0,7.18862247467041,3.0,0,91.0,0,0,0,0,0
2024-04-02 02:30:00,Starlink: Group 7-18 (22 satellites),F9 B5 B1071‑15,SpaceX,Cape Canaveral,28.5721,-80.648,1,36.236572,7.1765633,0.0,30.647614,82.083435,1004.97314,0.0,0.0,7.650576591491699,4.0,0,93.0,0,0,0,0,0
2024-04-05 09:12:00,Starlink: Group 6-47 (23 satellites),F9 B5 B1069‑14,SpaceX,Cape Canaveral,28.5721,-80.648,1,64.920044,6.951733,0.0,30.844147,81.109795,1005.375,0.0,32.907104,7.176563262939453,4.0,0,96.0,0,0,0,0,0
2024-04-07 02:25:00,Starlink: Group 8-1 (21 satellites),F9 B5 B1081‑6,SpaceX,Cape Canaveral,28.5721,-80.648,1,84.625244,7.585338,0.0,31.551422,72.98262,1003.71564,0.0,65.48157,6.951733112335205,4.0,0,98.0,0,0,0,0,0
2024-04-07 23:16:00,Bandwagon-1 (11 payload smallsat rideshare) 425 Project Flight 2,F9 B5 B1073‑14,SpaceX,Cape Canaveral,28.5721,-80.648,1,84.625244,7.585338,0.0,31.551422,72.98262,1003.71564,0.0,65.48157,6.951733112335205,4.0,0,98.0,0,0,0,0,0
2024-04-10 05:40:00,Starlink: Group 6-48 (23 satellites),F9 B5 B1083‑2,SpaceX,Cape Canaveral,28.5721,-80.648,1,34.158325,3.9781263,0.0,30.329254,75.04643,1007.5075,0.0,73.480225,7.585338115692139,4.0,0,101.0,0,0,0,0,0
2024-04-11 14:25:00,USSF-62 (WSF-M 1),F9 B5 B1082‑3,SpaceX,Cape Canaveral,28.5721,-80.648,1,0.0,6.377099,0.0,30.38321,74.60221,1007.98376,0.0,34.158325,7.585338115692139,4.0,0,102.0,0,0,0,0,0
2024-04-13 01:40:00,Starlink: Group 6-49 (23 satellites),F9 B5 B1062‑20,SpaceX,Cape Canaveral,28.5721,-80.648,1,16.738892,4.821441,0.0,30.89273,76.69043,1007.64624,0.0,0.6652832,6.37709903717041,4.0,0,104.0,0,0,0,0,0
2024-04-17 21:26:00,Starlink: Group 6-51 (23 satellites),F9 B5 B1077‑12,SpaceX,Cape Canaveral,28.5721,-80.648,1,92.13562,6.428716,0.0,30.917145,80.24893,1005.64624,0.0,5.5511475,6.067169666290283,4.0,0,108.0,0,0,0,0,0
2024-04-18 22:40:00,Starlink: Group 6-52 (23 satellites),F9 B5 B1080‑7,SpaceX,Cape Canaveral,28.5721,-80.648,1,7.196045,6.914767,0.0,30.852936,82.48067,1003.9412,0.0,92.13562,6.42871618270874,4.0,0,109.0,0,0,0,0,0
2024-04-23 22:17:00,Starlink: Group 6-53 (23 satellites),F9 B5 B1078‑9,SpaceX,Cape Canaveral,28.5721,-80.648,1,1.1444092,5.6370707,0.0,30.585846,78.041664,1004.7994,0.0,58.773804,7.552209377288818,4.0,0,114.0,0,0,0,0,0
2024-04-28 00:34:00,Galileo-L12 (FOC FM25 & FM27),F9 B5 B1060‑20,SpaceX,Cape Canaveral,28.5721,-80.648,1,0.0,7.266629,0.0,31.509186,77.48714,1004.6344,0.0,0.0,6.753006935119629,4.0,0,119.0,0,0,0,0,0
2024-04-28 22:08:00,Starlink: Group 6-54 (23 satellites),F9 B5 B1076‑13,SpaceX,Cape Canaveral,28.5721,-80.648,1,0.0,7.266629,0.0,31.509186,77.48714,1004.6344,0.0,0.0,6.753006935119629,4.0,0,119.0,0,0,0,0,0
2024-05-02 18:36:00,WorldView Legion 1 & 2,F9 B5 B1061‑20,SpaceX,Cape Canaveral,28.5721,-80.648,1,34.75952,8.458813,0.0,31.746002,82.49543,1001.72626,0.0,93.429565,7.442709445953369,5.0,0,123.0,0,0,0,0,0
2024-05-03 02:37:00,Starlink: Group 6-55 (23 satellites),F9 B5 B1067‑19,SpaceX,Cape Canaveral,28.5721,-80.648,1,40.725708,8.25946,0.0,31.693024,80.401955,1003.13,0.0,34.75952,8.458812713623047,5.0,0,124.0,0,0,0,0,0
2024-05-06 18:14:00,Starlink: Group 6-57 (23 satellites),F9 B5 B1069‑15,SpaceX,Cape Canaveral,28.5721,-80.648,1,25.15564,8.396794,0.0,31.631256,85.59277,1002.41187,0.0,0.57373047,8.780492782592773,5.0,0,127.0,0,0,0,0,0
2024-05-08 18:42:00,Starlink: Group 6-56 (23 satellites),F9 B5 B1083‑3,SpaceX,Cape Canaveral,28.5721,-80.648,1,51.59912,5.514227,0.0,30.723053,81.411285,1004.72064,0.0,28.945923,8.780492782592773,5.0,0,129.0,0,0,0,0,0
2024-05-10 04:30:00,Starlink: Group 8-2 (20 satellites),F9 B5 B1082‑4,SpaceX,Cape Canaveral,28.5721,-80.648,1,29.968262,5.9684424,0.0,30.970612,77.892365,1005.215,0.0,18.508911,8.396794319152832,5.0,0,131.0,0,0,0,0,0
2024-05-13 00:53:00,Starlink: Group 6-58 (23 satellites),F9 B5 B1073‑15,SpaceX,Cape Canaveral,28.5721,-80.648,1,87.197876,4.9837217,0.0,31.919586,73.11108,1005.54877,0.0,19.37561,6.6455278396606445,5.0,0,134.0,0,0,0,0,0
2024-05-14 18:39:00,Starlink: Group 8-7 (20 satellites),F9 B5 B1063‑18,SpaceX,Cape Canaveral,28.5721,-80.648,1,62.56714,5.200911,0.0,31.174225,75.031906,1005.8706,0.0,87.197876,6.6455278396606445,5.0,0,135.0,0,0,0,0,0
2024-05-18 00:32:00,Starlink: Group 6-59 (23 satellites),F9 B5 B1062‑21,SpaceX,Cape Canaveral,28.5721,-80.648,1,99.002075,4.4119954,0.005722046,31.067291,75.130875,1002.35187,0.11014938354492188,100.0,6.535961151123047,5.0,0,139.0,0,0,0,0,0
2024-05-22 08:00:00,NROL-146 (21 Starshield satellites),F9 B5 B1071‑16,SpaceX,Cape Canaveral,28.5721,-80.648,1,99.572754,3.9004722,0.04053116,30.558014,84.61796,999.4456,0.23937225341796875,100.0,5.357861518859863,5.0,0,143.0,0,0,0,0,0
2024-05-23 02:35:00,Starlink: Group 6-62 (23 satellites),F9 B5 B1080‑8,SpaceX,Cape Canaveral,28.5721,-80.648,1,85.165405,4.6369214,0.0,31.958405,74.43678,998.4363,0.2770423889160156,99.572754,5.357861518859863,5.0,0,144.0,0,0,0,0,0
2024-05-24 02:45:00,Starlink: Group 6-63 (23 satellites),F9 B5 B1077‑13,SpaceX,Cape Canaveral,28.5721,-80.648,1,100.0,7.0745535,0.0,32.2023,80.56785,997.3031,0.16641616821289062,85.165405,5.232077121734619,5.0,0,145.0,0,0,0,0,0
2024-05-28 14:24:00,Starlink: Group 6-60 (23 satellites),F9 B5 B1078‑10,SpaceX,Cape Canaveral,28.5721,-80.648,1,94.332886,3.9711795,0.0,32.338776,78.63773,998.53186,0.00286102294921875,96.865845,7.074553489685059,5.0,0,149.0,0,0,0,0,0
2024-05-28 22:20:00,EarthCARE,F9 B5 B1081‑7,SpaceX,Cape Canaveral,28.5721,-80.648,1,94.332886,3.9711795,0.0,32.338776,78.63773,998.53186,0.00286102294921875,96.865845,7.074553489685059,5.0,0,149.0,0,0,0,0,0
2024-06-01 02:37:00,Starlink: Group 6-64 (23 satellites),F9 B5 B1076‑14,SpaceX,Cape Canaveral,28.5721,-80.648,1,54.989624,5.9006763,0.0,32.32193,82.73157,1000.3794,0.0,19.80896,6.609579086303711,6.0,1,153.0,0,0,0,0,0
2024-06-05 02:16:00,Starlink: Group 8-5 (20 satellites),F9 B5 B1067‑20,SpaceX,Cape Canaveral,28.5721,-80.648,1,99.24011,8.327133,0.0,30.582916,84.325195,1004.60626,1.4033317565917969,45.843506,6.623287200927734,6.0,1,157.0,0,0,0,0,0
2024-06-08 01:56:00,Starlink: Group 10-1 (22 satellites),F9 B5 B1069‑16,SpaceX,Cape Canaveral,28.5721,-80.648,1,99.66736,4.8699584,0.0104904175,31.294098,76.710785,1002.5781,0.01811981201171875,99.520874,8.327133178710938,6.0,1,160.0,0,0,0,0,0
2024-06-08 12:58:00,Starlink: Group 8-8 (20 satellites),F9 B5 B1061‑21,SpaceX,Cape Canaveral,28.5721,-80.648,1,99.66736,4.8699584,0.0104904175,31.294098,76.710785,1002.5781,0.01811981201171875,99.520874,8.327133178710938,6.0,1,160.0,0,0,0,0,0
2024-06-19 03:40:00,Starlink: Group 9-1 (20 satellites),F9 B5 B1082‑5,SpaceX,Cape Canaveral,28.5721,-80.648,1,79.104614,2.943782,0.0,30.792145,76.049385,1001.0444,0.001430511474609375,63.012695,5.5028767585754395,6.0,1,171.0,0,0,0,0,0
2024-06-20 21:35:00,Astra 1P,F9 B5 B1080‑9,SpaceX,Cape Canaveral,28.5721,-80.648,1,75.177,3.7426572,0.06198883,31.17154,77.163666,1001.0481,0.001430511474609375,79.104614,5.5028767585754395,6.0,1,172.0,0,0,0,0,0
2024-06-23 17:15:00,Starlink: Group 10-2 (22 satellites),F9 B5 B1078‑11,SpaceX,Cape Canaveral,28.5721,-80.648,1,53.05481,5.010704,0.0009536743,31.217438,79.063255,998.6406,0.14591217041015625,99.66736,3.74265718460083,6.0,1,175.0,0,0,0,0,0
2024-06-24 03:47:00,Starlink: Group 9-2 (20 satellites),F9 B5 B1075‑11,SpaceX,Cape Canaveral,28.5721,-80.648,1,92.94739,5.412498,0.0,31.419342,73.945435,999.26874,0.08487701416015625,53.05481,5.010704040527344,6.0,1,176.0,0,0,0,0,0
2024-06-25 21:26:00,GOES-U (GOES-19)[126],Falcon Heavy B5 B1087 (core),SpaceX,Cape Canaveral,28.5721,-80.648,1,100.0,4.3110914,0.88214874,32.19571,72.16502,997.7612,0.08487701416015625,92.94739,5.4124979972839355,6.0,1,177.0,0,0,0,0,1
2024-06-25 21:26:00,GOES-U (GOES-19)[126],B1072‑1 (side),SpaceX,Cape Canaveral,28.5721,-80.648,1,100.0,4.3110914,0.88214874,32.19571,72.16502,997.7612,0.08487701416015625,92.94739,5.4124979972839355,6.0,1,177.0,0,0,0,0,0
2024-06-25 21:26:00,GOES-U (GOES-19)[126],B1086‑1 (side),SpaceX,Cape Canaveral,28.5721,-80.648,1,100.0,4.3110914,0.88214874,32.19571,72.16502,997.7612,0.08487701416015625,92.94739,5.4124979972839355,6.0,1,177.0,0,0,0,0,0
2024-06-27 11:14:00,Starlink: Group 10-3 (23 satellites),F9 B5 B1062‑22,SpaceX,Cape Canaveral,28.5721,-80.648,1,100.0,4.2684035,0.0,31.507965,69.46437,1001.67377,0.9407997131347656,100.0,5.513149261474609,6.0,1,179.0,0,0,0,0,0
2024-06-29 03:14:00,NROL-186 (~21 Starshield satellites),F9 B5 B1081‑8,SpaceX,Cape Canaveral,28.5721,-80.648,1,100.0,5.1061583,0.06818771,31.39273,75.662094,1002.245,0.058650970458984375,94.93713,5.513149261474609,6.0,1,181.0,0,0,0,0,0
2024-07-03 08:55:00,Starlink: Group 8-9 (20 satellites),F9 B5 B1073‑16,SpaceX,Cape Canaveral,28.5721,-80.648,1,65.60974,2.3733306,0.0009536743,32.25479,67.2092,1001.4175,0.0019073486328125,96.6156,5.200290203094482,7.0,1,185.0,0,0,0,0,0
2024-07-08 23:30:00,Türksat 6A,F9 B5 B1076‑15,SpaceX,Cape Canaveral,28.5721,-80.648,1,98.76099,4.0377007,0.5106926,29.210602,79.05988,1000.54065,0.0591278076171875,100.0,4.665523052215576,7.0,1,190.0,0,0,0,0,0
2024-07-12 02:35:00,Starlink: Group 9-3 (20 satellites),F9 B5 B1063‑19,SpaceX,Cape Canaveral,28.5721,-80.648,0,93.67676,4.338139,0.12254715,30.110748,80.459785,1000.72375,0.1087188720703125,99.09363,5.903963088989258,7.0,1,194.0,0,0,0,0,0
2024-07-27 05:45:00,Starlink: Group 10-9 (23 satellites),F9 B5 B1069‑17,SpaceX,Cape Canaveral,28.5721,-80.648,1,100.0,3.6800263,0.0,32.27652,62.456013,999.79626,0.14495849609375,61.340332,4.05478048324585,7.0,1,209.0,0,0,0,0,0
2024-07-28 05:09:00,Starlink: Group 10-4 (23 satellites),F9 B5 B1077‑14,SpaceX,Cape Canaveral,28.5721,-80.648,1,95.440674,3.1316607,0.088214874,32.923737,62.89307,998.46063,0.14495849609375,100.0,4.05478048324585,7.0,1,210.0,0,0,0,0,0
2024-07-28 09:22:00,Starlink: Group 9-4 (21 satellites),F9 B5 B1071‑17,SpaceX,Cape Canaveral,28.5721,-80.648,1,95.440674,3.1316607,0.088214874,32.923737,62.89307,998.46063,0.14495849609375,100.0,4.05478048324585,7.0,1,210.0,0,0,0,0,0
2024-08-02 05:01:00,Starlink: Group 10-6 (23 satellites),F9 B5 B1078‑12,SpaceX,Cape Canaveral,28.5721,-80.648,1,100.0,1.1748083,0.0,30.890533,74.047935,1002.9625,0.0858306884765625,100.0,2.4184396266937256,8.0,1,215.0,0,0,0,0,0
2024-08-04 07:24:00,Starlink: Group 11-1 (23 satellites),F9 B5 B1082‑6,SpaceX,Cape Canaveral,28.5721,-80.648,1,44.458008,3.8506455,0.4878044,29.493317,82.56836,1004.16376,0.102996826171875,100.0,2.9186856746673584,8.0,1,217.0,0,0,0,0,0
2024-08-04 15:02:00,"CRS NG-21 (S.S. Francis R. ""Dick"" Scobee)",F9 B5 B1080‑10,SpaceX,Cape Canaveral,28.5721,-80.648,1,44.458008,3.8506455,0.4878044,29.493317,82.56836,1004.16376,0.102996826171875,100.0,2.9186856746673584,8.0,1,217.0,0,0,0,0,0
2024-08-10 12:50:00,Starlink: Group 8-3 (21 satellites),F9 B5 B1067‑21,SpaceX,Cape Canaveral,28.5721,-80.648,1,86.450195,2.1102865,0.00333786,30.912506,73.118805,1004.44,0.6070137023925781,18.322754,3.6159284114837646,8.0,1,223.0,0,0,0,0,0
2024-08-12 02:02:00,ASBM 1 (GX 10A) & ASBM 2 (GX 10B),F9 B5 B1061‑22,SpaceX,Cape Canaveral,28.5721,-80.648,1,100.0,4.1179585,0.0,30.70108,78.46483,1002.2444,0.6089210510253906,50.854492,4.013113021850586,8.0,1,225.0,0,0,0,0,0
2024-08-12 10:37:00,Starlink: Group 10-7 (23 satellites),F9 B5 B1073‑17,SpaceX,Cape Canaveral,28.5721,-80.648,1,100.0,4.1179585,0.0,30.70108,78.46483,1002.2444,0.6089210510253906,50.854492,4.013113021850586,8.0,1,225.0,0,0,0,0,0
2024-08-15 13:00:00,WorldView Legion 3 & 4,F9 B5 B1076‑16,SpaceX,Cape Canaveral,28.5721,-80.648,1,92.65747,5.8093753,0.00333786,30.409088,79.127914,1001.7606,0.0,9.854126,5.029053688049316,8.0,1,228.0,0,0,0,0,0
2024-08-16 18:56:00,Transporter-11 (116 payload smallsat rideshare),F9 B5 B1075‑12,SpaceX,Cape Canaveral,28.5721,-80.648,1,99.24011,6.1809855,0.0,30.794098,77.46554,1001.2569,0.003337860107421875,92.65747,5.809375286102295,8.0,1,229.0,0,0,0,0,0
2024-08-20 13:20:00,Starlink: Group 10-5 (23 satellites),F9 B5 B1085‑1,SpaceX,Cape Canaveral,28.5721,-80.648,1,61.28235,6.5634403,0.0,30.467926,78.14989,1002.7544,0.000476837158203125,18.884277,6.180985450744629,8.0,1,233.0,0,0,0,0,0
2024-08-28 07:48:00,Starlink: Group 8-6 (21 satellites),F9 B5 B1062‑23,SpaceX,Cape Canaveral,28.5721,-80.648,1,100.0,3.9409003,0.14972687,30.18985,70.72123,1005.42126,0.007152557373046875,100.0,3.4613687992095947,8.0,1,241.0,0,0,0,0,0
2024-08-31 07:43:00,Starlink: Group 8-10 (21 satellites),F9 B5 B1069‑18,SpaceX,Cape Canaveral,28.5721,-80.648,1,100.0,4.3479433,0.019550323,29.049957,73.49073,1002.3181,0.21839141845703125,100.0,3.9409003257751465,8.0,1,244.0,0,0,0,0,0
2024-08-31 08:48:00,Starlink: Group 9-5 (21 satellites),F9 B5 B1081‑9,SpaceX,Cape Canaveral,28.5721,-80.648,1,100.0,4.3479433,0.019550323,29.049957,73.49073,1002.3181,0.21839141845703125,100.0,3.9409003257751465,8.0,1,244.0,0,0,0,0,0
2024-09-05 15:33:00,Starlink: Group 8-11 (21 satellites),F9 B5 B1077‑15,SpaceX,Cape Canaveral,28.5721,-80.648,1,100.0,1.8393271,0.0,30.566803,72.464584,1002.22815,0.2903938293457031,100.0,4.420060634613037,9.0,1,249.0,0,0,0,0,0
2024-09-06 03:20:00,NROL-113 (21 Starshield satellites),F9 B5 B1063‑20,SpaceX,Cape Canaveral,28.5721,-80.648,1,100.0,2.6582303,0.07247925,29.686432,75.99387,1003.5538,0.20742416381835938,100.0,4.420060634613037,9.0,1,250.0,0,0,0,0,0
2024-09-10 09:23:00,Polaris Dawn (Crew Dragon C207-3 Resilience),F9 B5 B1083‑4,SpaceX,Cape Canaveral,28.5721,-80.648,1,90.148926,2.9302912,0.006198883,31.652496,74.520226,1001.11,0.000476837158203125,98.66638,2.806867837905884,9.0,1,254.0,0,0,0,0,0
2024-09-12 08:52:00,BlueBird Block 1 (5 satellites)[172],F9 B5 B1078‑13,SpaceX,Cape Canaveral,28.5721,-80.648,1,100.0,4.230037,0.0,30.926422,71.44119,1005.4875,0.006198883056640625,57.08313,4.640100955963135,9.0,1,256.0,0,0,0,0,0
2024-09-13 01:45:00,Starlink: Group 9-6 (21 satellites),F9 B5 B1071‑18,SpaceX,Cape Canaveral,28.5721,-80.648,1,100.0,4.586025,0.0,31.812164,62.383583,1003.70435,0.006198883056640625,100.0,4.640100955963135,9.0,1,257.0,0,0,0,0,0
2024-09-17 22:50:00,Galileo-L13 (FOC FM26 & FM32),F9 B5 B1067‑22,SpaceX,Cape Canaveral,28.5721,-80.648,1,37.261963,3.0343957,0.0,33.666412,55.356194,1002.5519,0.0,47.20764,4.586025238037109,9.0,1,261.0,0,0,0,0,0
2024-09-20 13:50:00,Starlink: Group 9-17 (20 satellites),F9 B5 B1075‑13,SpaceX,Cape Canaveral,28.5721,-80.648,1,95.85571,4.6138268,0.48923492,31.664948,69.28815,1003.0513,0.0,96.64307,4.138733386993408,9.0,1,264.0,0,0,0,0,0
2024-09-25 04:01:00,Starlink: Group 9-8 (20 satellites),F9 B5 B1081‑10,SpaceX,Cape Canaveral,28.5721,-80.648,1,99.66736,3.8563132,0.009536743,29.52481,81.564026,1002.3781,0.7162094116210938,100.0,5.772674560546875,9.0,1,269.0,0,0,0,0,0
2024-09-28 17:17:00,Crew-9 (Crew Dragon C212-4 Freedom),F9 B5 B1085‑2,SpaceX,Cape Canaveral,28.5721,-80.648,1,30.410767,3.7393773,0.00047683716,29.674225,82.10053,1006.66064,0.01239776611328125,46.38672,5.772674560546875,9.0,1,272.0,0,0,0,0,0
2024-10-07 14:52:00,Hera,F9 B5 B1061‑23,SpaceX,Cape Canaveral,28.5721,-80.648,1,46.887207,3.6857443,0.0009536743,28.98111,79.29909,1008.28125,0.00095367431640625,72.95227,3.9340837001800537,10.0,0,281.0,1,0,0,0,0
2024-10-14 16:06:00,Europa Clipper,Falcon Heavy B5  B1089 (core),SpaceX,Cape Canaveral,28.5721,-80.648,1,100.0,4.8864455,1.0199547,27.1586,86.65218,1006.3856,0.07104873657226562,74.5636,4.9353556632995605,10.0,0,288.0,1,0,0,0,1
2024-10-14 16:06:00,Europa Clipper,B1064‑6 (side),SpaceX,Cape Canaveral,28.5721,-80.648,1,100.0,4.8864455,1.0199547,27.1586,86.65218,1006.3856,0.07104873657226562,74.5636,4.9353556632995605,10.0,0,288.0,1,0,0,0,0
2024-10-14 16:06:00,Europa Clipper,B1065‑6 (side),SpaceX,Cape Canaveral,28.5721,-80.648,1,100.0,4.8864455,1.0199547,27.1586,86.65218,1006.3856,0.07104873657226562,74.5636,4.9353556632995605,10.0,0,288.0,1,0,0,0,0
2024-10-15 06:10:00,Starlink: Group 10-10 (23 satellites),F9 B5 B1080‑11,SpaceX,Cape Canaveral,28.5721,-80.648,1,100.0,2.5668883,2.424717,26.835114,87.43099,1006.5556,1.033782958984375,100.0,4.9353556632995605,10.0,0,289.0,1,0,0,0,0
2024-10-15 08:21:00,Starlink: Group 9-7 (20 satellites),F9 B5 B1071‑19,SpaceX,Cape Canaveral,28.5721,-80.648,1,100.0,2.5668883,2.424717,26.835114,87.43099,1006.5556,1.033782958984375,100.0,4.9353556632995605,10.0,0,289.0,1,0,0,0,0
2024-10-18 23:31:00,Starlink: Group 8-19 (20 satellites),F9 B5 B1076‑17,SpaceX,Cape Canaveral,28.5721,-80.648,1,91.90674,3.470329,0.04386902,28.823395,79.76633,1006.70935,2.6459693908691406,83.73108,4.88644552230835,10.0,0,292.0,1,0,0,0,0
2024-10-20 05:13:00,OneWeb #20 (20 satellites),F9 B5 B1082‑7,SpaceX,Cape Canaveral,28.5721,-80.648,1,14.831543,3.2895103,0.06437302,29.783112,75.8707,1008.02686,0.5068778991699219,67.29431,4.204649448394775,10.0,0,294.0,1,0,0,0,0
2024-10-23 21:47:00,Starlink: Group 6-61 (23 satellites),F9 B5 B1073‑18,SpaceX,Cape Canaveral,28.5721,-80.648,1,100.0,2.3805096,0.0,29.757233,74.34565,1006.7444,0.08535385131835938,27.685547,3.7109408378601074,10.0,0,297.0,1,0,0,0,0
2024-10-24 17:13:00,NROL-167 (~17 Starshield satellites),F9 B5 B1063‑21,SpaceX,Cape Canaveral,28.5721,-80.648,1,100.0,1.042217,0.0,30.679108,62.901794,1006.38873,0.0209808349609375,100.0,3.7109408378601074,10.0,0,298.0,1,0,0,0,0
2024-10-26 21:47:00,Starlink: Group 10-8 (22 satellites),F9 B5 B1069‑19,SpaceX,Cape Canaveral,28.5721,-80.648,1,24.737549,1.9629534,0.0,31.045807,64.23532,1005.8825,0.0,82.0343,3.7109408378601074,10.0,0,300.0,1,0,0,0,0
2024-10-30 12:07:00,Starlink: Group 9-9 (20 satellites),F9 B5 B1075‑14,SpaceX,Cape Canaveral,28.5721,-80.648,1,18.33496,4.471996,0.1783371,29.1586,81.973495,1008.0744,0.007152557373046875,23.608398,3.841183662414551,10.0,0,304.0,1,0,0,0,0
2024-10-30 21:10:00,Starlink: Group 10-13 (23 satellites),F9 B5 B1078‑14,SpaceX,Cape Canaveral,28.5721,-80.648,1,18.33496,4.471996,0.1783371,29.1586,81.973495,1008.0744,0.007152557373046875,23.608398,3.841183662414551,10.0,0,304.0,1,0,0,0,0
2024-11-05 02:29:00,SpaceX CRS-31 (Cargo Dragon C208-5),F9 B5 B1083‑5,SpaceX,Cape Canaveral,28.5721,-80.648,1,1.0925293,5.806639,0.0,28.768463,72.965965,1009.52124,0.10013580322265625,10.421753,3.9759714603424072,11.0,0,310.0,1,0,0,0,0
2024-11-07 20:19:00,Starlink: Group 6-77 (23 satellites),F9 B5 B1085‑3,SpaceX,Cape Canaveral,28.5721,-80.648,1,13.647461,5.167666,0.042915344,27.805084,88.1875,1009.70685,0.009059906005859375,87.37793,5.806639194488525,11.0,0,312.0,1,0,0,0,0
2024-11-09 06:14:00,Starlink: Group 9-10 (20 satellites),F9 B5 B1081‑11,SpaceX,Cape Canaveral,28.5721,-80.648,1,100.0,4.993803,0.01335144,28.53653,77.39474,1009.7006,0.05817413330078125,9.356689,5.806639194488525,11.0,0,314.0,1,0,0,0,0
2024-11-11 17:22:00,Koreasat 6A,F9 B5 B1067‑23,SpaceX,Cape Canaveral,28.5721,-80.648,1,100.0,7.186899,0.01335144,26.764313,75.860054,1008.34814,0.0209808349609375,15.905762,5.815370082855225,11.0,0,316.0,1,0,0,0,0
2024-11-11 21:28:00,Starlink: Group 6-69 (24 satellites),F9 B5 B1080‑12,SpaceX,Cape Canaveral,28.5721,-80.648,1,100.0,7.186899,0.01335144,26.764313,75.860054,1008.34814,0.0209808349609375,15.905762,5.815370082855225,11.0,0,316.0,1,0,0,0,0
2024-11-14 05:23:00,Starlink: Group 9-11 (20 satellites),F9 B5 B1082‑8,SpaceX,Cape Canaveral,28.5721,-80.648,1,93.52112,4.369835,0.13113022,27.328278,87.740326,1009.9888,2.4900436401367188,100.0,7.186899185180664,11.0,0,319.0,1,0,0,0,0
2024-11-14 13:21:00,Starlink: Group 6-68 (24 satellites),F9 B5 B1076‑18,SpaceX,Cape Canaveral,28.5721,-80.648,1,93.52112,4.369835,0.13113022,27.328278,87.740326,1009.9888,2.4900436401367188,100.0,7.186899185180664,11.0,0,319.0,1,0,0,0,0
2024-11-17 22:28:00,Optus-X/TD7,F9 B5 B1077‑16,SpaceX,Cape Canaveral,28.5721,-80.648,1,9.991455,6.0886607,0.017642975,28.075104,76.1438,1009.1937,1.0442733764648438,31.918335,5.212396144866943,11.0,0,322.0,1,0,0,0,0
2024-11-18 05:53:00,Starlink: Group 9-12 (20 satellites),F9 B5 B1071‑20,SpaceX,Cape Canaveral,28.5721,-80.648,1,32.357788,6.32621,0.0009536743,27.912018,72.156815,1010.09814,0.9307861328125,9.991455,6.088660717010498,11.0,0,323.0,1,0,0,0,0
2024-11-18 18:31:00,GSAT-20 (GSAT-N2),F9 B5 B1073‑19,SpaceX,Cape Canaveral,28.5721,-80.648,1,32.357788,6.32621,0.0009536743,27.912018,72.156815,1010.09814,0.9307861328125,9.991455,6.088660717010498,11.0,0,323.0,1,0,0,0,0
2024-11-21 16:07:00,Starlink: Group 6-66 (24 satellites),F9 B5 B1069‑20,SpaceX,Cape Canaveral,28.5721,-80.648,1,32.53174,4.3104854,0.0,27.209381,68.55424,1010.8906,0.00095367431640625,81.121826,6.462583065032959,11.0,0,326.0,1,0,0,0,0
2024-11-24 05:25:00,Starlink: Group 9-13 (20 satellites),F9 B5 B1075‑15,SpaceX,Cape Canaveral,28.5721,-80.648,1,88.28125,5.989467,0.0052452087,27.090485,78.88768,1011.08374,0.0209808349609375,83.24585,5.273116588592529,11.0,0,329.0,1,0,0,0,0
2024-11-25 10:02:00,Starlink: Group 12-1 (23 satellites),F9 B5 B1080‑13,SpaceX,Cape Canaveral,28.5721,-80.648,1,100.0,5.957129,0.0019073486,27.363678,72.96937,1010.51874,0.026226043701171875,88.28125,5.989467144012451,11.0,0,330.0,1,0,0,0,0
2024-11-27 04:41:00,Starlink: Group 6-76 (24 satellites),F9 B5 B1078‑15,SpaceX,Cape Canaveral,28.5721,-80.648,1,100.0,9.526921,0.0,26.801666,75.044235,1007.53186,1.4734268188476562,100.0,6.997530460357666,11.0,0,332.0,1,0,0,0,0
2024-11-30 05:00:00,Starlink: Group 6-65 (24 satellites),F9 B5 B1083‑6,SpaceX,Cape Canaveral,28.5721,-80.648,1,100.0,12.538376,3.00169,26.9086,89.76496,1000.77563,3.726959228515625,100.0,9.526921272277832,11.0,0,335.0,1,0,0,0,0
2024-11-30 08:10:00,NROL-126 (2 Starshield satellites) + Starlink: Group N-01[228] (20 satellites),F9 B5 B1088‑1,SpaceX,Cape Canaveral,28.5721,-80.648,1,100.0,12.538376,3.00169,26.9086,89.76496,1000.77563,3.726959228515625,100.0,9.526921272277832,11.0,0,335.0,1,0,0,0,0
2024-12-04 10:13:00,Starlink: Group 6-70 (24 satellites),F9 B5 B1067‑24,SpaceX,Cape Canaveral,28.5721,-80.648,1,69.57092,2.9953809,1.1658669,27.132233,87.28122,1009.2275,0.7534027099609375,63.934326,12.538375854492188,12.0,0,339.0,1,0,0,0,0
2024-12-05 03:05:00,Starlink: Group 9-14 (20 satellites),F9 B5 B1081‑12,SpaceX,Cape Canaveral,28.5721,-80.648,1,21.206665,2.7165163,0.00047683716,27.560455,84.26143,1009.7056,1.6341209411621094,69.57092,6.374235153198242,12.0,0,340.0,1,0,0,0,0
2024-12-05 16:10:00,SXM-9,F9 B5 B1076‑19,SpaceX,Cape Canaveral,28.5721,-80.648,1,21.206665,2.7165163,0.00047683716,27.560455,84.26143,1009.7056,1.6341209411621094,69.57092,6.374235153198242,12.0,0,340.0,1,0,0,0,0
2024-12-08 05:12:00,Starlink: Group 12-5 (23 satellites),F9 B5 B1086‑2,SpaceX,Cape Canaveral,28.5721,-80.648,1,0.0,3.065239,0.0,27.824371,76.2961,1009.6025,0.0019073486328125,30.93872,4.261778354644775,12.0,0,343.0,1,0,0,0,0
2024-12-13 21:55:00,Starlink: Group 11-2 (22 satellites),F9 B5 B1082‑9,SpaceX,Cape Canaveral,28.5721,-80.648,1,64.01367,6.143083,0.0,26.465729,75.17488,1010.21875,0.2498626708984375,100.0,5.653054237365723,12.0,0,348.0,1,0,0,0,0
2024-12-17 00:52:00,GPS III-7 (RRT-1)[237][238],F9 B5 B1085‑4,SpaceX,Cape Canaveral,28.5721,-80.648,1,100.0,7.3282657,0.44822693,25.31192,78.07088,1009.5544,0.0,82.30286,6.743281841278076,12.0,0,352.0,1,0,0,0,0
2024-12-17 13:19:00,NROL-149 (22 Starshield satellites)[240],F9 B5 B1063‑22,SpaceX,Cape Canaveral,28.5721,-80.648,1,100.0,7.3282657,0.44822693,25.31192,78.07088,1009.5544,0.0,82.30286,6.743281841278076,12.0,0,352.0,1,0,0,0,0
2024-12-17 22:26:00,O3b mPOWER 7 & 8,F9 B5 B1090‑1,SpaceX,Cape Canaveral,28.5721,-80.648,1,100.0,7.3282657,0.44822693,25.31192,78.07088,1009.5544,0.0,82.30286,6.743281841278076,12.0,0,352.0,1,0,0,0,0
2024-12-21 11:34:00,Bandwagon-2 (30 payload smallsat rideshare)[67][87] 425 Project Flight 3,F9 B5 B1071‑21,SpaceX,Cape Canaveral,28.5721,-80.648,1,80.6488,4.6149445,0.00047683716,26.92398,83.54336,1008.40936,2.856731414794922,36.25183,7.32826566696167,12.0,0,356.0,1,0,0,0,0
2024-12-23 05:35:00,Starlink: Group 12-2 (21 satellites),F9 B5 B1080‑14,SpaceX,Cape Canaveral,28.5721,-80.648,1,96.572876,6.6829596,0.0,26.711578,82.2355,1009.03815,0.00286102294921875,29.562378,6.055605888366699,12.0,0,358.0,1,0,0,0,0
2024-12-29 01:58:00,Starlink: Group 11-3 (22 satellites),F9 B5 B1075‑16,SpaceX,Cape Canaveral,28.5721,-80.648,1,68.38684,5.8758445,0.019550323,26.4982,82.38345,1012.8331,0.17499923706054688,35.375977,6.394162654876709,12.0,0,364.0,1,0,0,0,0
2024-12-29 05:00:00,Astranis: From One to Many (4 satellites),F9 B5 B1083‑7,SpaceX,Cape Canaveral,28.5721,-80.648,1,68.38684,5.8758445,0.019550323,26.4982,82.38345,1012.8331,0.17499923706054688,35.375977,6.394162654876709,12.0,0,364.0,1,0,0,0,0
2024-12-31 05:39:00,Starlink: Group 12-6 (21 satellites),F9 B5 B1078‑16,SpaceX,Cape Canaveral,28.5721,-80.648,1,76.87988,4.704637,0.0,26.507477,80.2265,1012.915,0.021457672119140625,79.85535,5.875844478607178,12.0,0,366.0,1,0,0,0,0
2025-01-04 01:27:00,Thuraya 4-NGS,F9 B5 B1073‑20,SpaceX,Cape Canaveral,28.5721,-80.648,1,34.23767,3.3752208,0.00047683716,25.982086,68.45913,1011.0538,0.0,20.117188,4.704637050628662,1.0,0,4.0,0,0,0,0,0
2025-01-06 20:43:00,Starlink: Group 6‑71,F9 B5 B1077‑17,SpaceX,Cape Canaveral,28.5721,-80.648,1,0.8544922,2.4561968,0.0,26.19522,69.786255,1010.65314,0.000476837158203125,47.43042,3.9035751819610596,1.0,0,6.0,0,0,0,0,0
2025-01-08 15:27:00,Starlink: Group 12-11 (21 satellites),F9 B5 B1086‑3,SpaceX,Cape Canaveral,28.5721,-80.648,1,24.679565,4.330991,0.0,25.893219,70.86656,1011.5275,0.0,0.8544922,3.5432658195495605,1.0,0,8.0,0,0,0,0,0
2025-01-10 03:53:00,NROL-153 (22 Starshield satellites)[261],F9 B5 B1071‑22,SpaceX,Cape Canaveral,28.5721,-80.648,1,97.18628,6.0462475,0.0,26.285553,72.6622,1013.6219,0.0,40.170288,4.936454772949219,1.0,0,10.0,0,0,0,0,0
2025-01-10 19:11:00,Starlink: Group 12-12 (21 satellites),F9 B5 B1067‑25,SpaceX,Cape Canaveral,28.5721,-80.648,1,97.18628,6.0462475,0.0,26.285553,72.6622,1013.6219,0.0,40.170288,4.936454772949219,1.0,0,10.0,0,0,0,0,0
2025-01-13 16:47:00,Starlink: Group 12-4 (21 satellites),F9 B5 B1080‑15,SpaceX,Cape Canaveral,28.5721,-80.648,1,78.59802,5.0232205,0.029087067,26.304596,82.98889,1011.1312,0.07772445678710938,74.749756,6.046247482299805,1.0,0,13.0,0,0,0,0,0
2025-01-14 19:09:00,Transporter-12 (131 payload smallsat rideshare),F9 B5 B1088‑2,SpaceX,Cape Canaveral,28.5721,-80.648,1,28.308105,4.568265,0.0,26.214996,76.83935,1013.3113,0.1068115234375,78.59802,6.046247482299805,1.0,0,14.0,0,0,0,0,0
2025-01-15 06:11:00,Blue Ghost Mission 1,F9 B5 B1085‑5,SpaceX,Cape Canaveral,28.5721,-80.648,1,24.664307,5.781603,0.00047683716,26.217682,76.58127,1013.6981,0.1068115234375,28.308105,5.732901096343994,1.0,0,15.0,0,0,0,0,0
2025-01-15 06:11:00,Hakuto-R Mission 2,F9 B5 B1085‑5,SpaceX,Cape Canaveral,28.5721,-80.648,1,24.664307,5.781603,0.00047683716,26.217682,76.58127,1013.6981,0.1068115234375,28.308105,5.732901096343994,1.0,0,15.0,0,0,0,0,0
2025-01-21 05:24:00,Starlink: Group 13-1 (21 satellites) + 2 Starshield satellites,F9 B5 B1083‑8,SpaceX,Cape Canaveral,28.5721,-80.648,1,16.900635,2.5826957,0.0,25.8732,70.13564,1010.1844,0.1068115234375,78.2135,5.9516425132751465,1.0,0,21.0,0,0,0,0,0
2025-01-21 15:45:00,Starlink: Group 11-8 (27 satellites),F9 B5 B1082‑10,SpaceX,Cape Canaveral,28.5721,-80.648,1,16.900635,2.5826957,0.0,25.8732,70.13564,1010.1844,0.1068115234375,78.2135,5.9516425132751465,1.0,0,21.0,0,0,0,0,0
2025-01-24 14:07:00,Starlink: Group 11-6 (23 satellites),F9 B5 B1063‑23,SpaceX,Cape Canaveral,28.5721,-80.648,1,4.5318604,2.574827,0.0,26.451569,69.23845,1010.5669,0.0,14.471436,4.541555404663086,1.0,0,24.0,0,0,0,0,0
2025-01-27 22:05:00,Starlink: Group 12-7 (21 satellites),F9 B5 B1076‑20,SpaceX,Cape Canaveral,28.5721,-80.648,1,27.529907,2.1938264,0.0,25.66983,76.42737,1009.5687,0.0,50.88501,4.281824588775635,1.0,0,27.0,0,0,0,0,0
2025-01-30 01:34:00,Spainsat NG I,F9 B5 B1073‑21,SpaceX,Cape Canaveral,28.5721,-80.648,1,4.333496,3.8586688,0.0,26.421295,75.536514,1008.8569,0.0,34.857178,4.380234241485596,1.0,0,30.0,0,0,0,0,0
2025-02-01 23:02:00,Starlink: Group 11-4,F9 B5 B1075‑17,SpaceX,Cape Canaveral,28.5721,-80.648,1,0.0,3.637634,0.0,27.284332,75.412025,1010.01373,0.0,25.332642,4.380234241485596,2.0,0,32.0,0,0,0,0,0
2025-02-04 10:15:00,Starlink: Group 12-3 (21 satellites),F9 B5 B1069‑21,SpaceX,Cape Canaveral,28.5721,-80.648,1,20.898438,2.0974777,0.0,27.532135,64.988686,1010.2469,0.0,17.843628,4.2215752601623535,2.0,0,35.0,0,0,0,0,0
2025-02-04 23:13:00,WorldView Legion 5 & 6 (2 satellites),F9 B5 B1086‑4,SpaceX,Cape Canaveral,28.5721,-80.648,1,20.898438,2.0974777,0.0,27.532135,64.988686,1010.2469,0.0,17.843628,4.2215752601623535,2.0,0,35.0,0,0,0,0,0
2025-02-08 19:18:00,Starlink: Group 12-9 (21 satellites),F9 B5 B1078‑17,SpaceX,Cape Canaveral,28.5721,-80.648,1,90.33203,3.615392,0.0,27.05191,75.48596,1010.7394,0.0,7.333374,3.355565071105957,2.0,0,39.0,0,0,0,0,0
2025-02-11 02:09:00,Starlink: Group 11-10,F9 B5 B1071‑23,SpaceX,Cape Canaveral,28.5721,-80.648,1,71.50574,2.987469,0.0,27.104156,65.60972,1011.4675,0.0,0.7598877,3.8691322803497314,2.0,0,42.0,0,0,0,0,0
2025-02-11 18:53:00,Starlink: Group 12-18 (21 satellites),F9 B5 B1077‑18,SpaceX,Cape Canaveral,28.5721,-80.648,1,71.50574,2.987469,0.0,27.104156,65.60972,1011.4675,0.0,0.7598877,3.8691322803497314,2.0,0,42.0,0,0,0,0,0
2025-02-15 06:14:00,Starlink: Group 12-8,F9 B5  B1067‑26,SpaceX,Cape Canaveral,28.5721,-80.648,1,0.0,4.14539,0.0,26.920074,74.50689,1009.3862,0.0,0.0,4.059078693389893,2.0,0,46.0,0,0,0,0,0
2025-02-18 23:21:00,Starlink: Group 10-12 (23 satellites),F9 B5 B1080‑16,SpaceX,Cape Canaveral,28.5721,-80.648,1,0.0,4.503771,0.0,27.243073,74.6872,1011.54126,0.0,0.0,4.481808662414551,2.0,0,49.0,0,0,0,0,0
2025-02-21 15:19:00,Starlink: Group 12-14 (23 satellites),F9 B5 B1076‑21,SpaceX,Cape Canaveral,28.5721,-80.648,1,1.3336182,3.118612,0.0,27.270172,74.42924,1012.0719,0.0,0.0,5.109745979309082,2.0,0,52.0,0,0,0,0,0
2025-02-23 01:38:00,Starlink: Group 15-1 (22 satellites),F9 B5 B1082‑11,SpaceX,Cape Canaveral,28.5721,-80.648,1,0.0,3.3120213,0.0,27.910065,72.51488,1012.54315,0.0,0.0,5.109745979309082,2.0,0,54.0,0,0,0,0,0
2025-02-27 00:16:00,"IM-2 Nova-C ""Athena"" lunar lander Lunar Trailblazer Brokkr-2 Odin[294] Chimera-1 TBD",F9 B5 B1083‑9,SpaceX,Cape Canaveral,28.5721,-80.648,1,78.62549,5.0905924,0.0,27.855133,70.795654,1011.6344,0.0,12.969971,5.861424446105957,2.0,0,58.0,0,0,0,0,0
2025-02-27 03:34:00,Starlink: Group 12-13 (21 satellites),F9 B5 B1092‑1[297],SpaceX,Cape Canaveral,28.5721,-80.648,1,78.62549,5.0905924,0.0,27.855133,70.795654,1011.6344,0.0,12.969971,5.861424446105957,2.0,0,58.0,0,0,0,0,0
2025-03-03 02:24:00,Starlink: Group 12-20 (21 satellites),F9 B5 B1086‑5,SpaceX,Cape Canaveral,28.5721,-80.648,1,3.3325195,3.911376,0.0,28.88272,76.232346,1008.095,0.0,26.812744,5.090592384338379,3.0,0,62.0,0,0,0,0,0
2025-03-12 03:10:00,SPHEREx PUNCH[303],F9 B5 B1088‑3,SpaceX,Cape Canaveral,28.5721,-80.648,1,7.623291,4.6781387,0.0,29.212067,78.45314,1009.0538,0.6051063537597656,100.0,5.372618675231934,3.0,0,71.0,0,0,0,0,0
2025-03-13 02:35:00,Starlink: Group 12-21,F9 B5 B1069‑22,SpaceX,Cape Canaveral,28.5721,-80.648,1,0.0,5.4286404,0.0,29.244781,78.8248,1007.17377,0.6051063537597656,7.623291,5.372618675231934,3.0,0,72.0,0,0,0,0,0
2025-03-14 23:03:00,Crew-10 (Crew Dragon C210-4 Endurance),F9 B5 B1090‑2,SpaceX,Cape Canaveral,28.5721,-80.648,1,0.0,5.921012,0.0,29.222076,77.32164,1008.03687,0.6051063537597656,0.0,5.428640365600586,3.0,0,73.0,0,0,0,0,0
2025-03-15 06:43:00,Transporter-13 (74 payload smallsat rideshare)[67],F9 B5 B1081‑13,SpaceX,Cape Canaveral,28.5721,-80.648,1,0.0,4.97889,0.0,29.129791,73.5311,1009.42377,0.0,0.0,5.921011924743652,3.0,0,74.0,0,0,0,0,0
2025-03-15 11:35:00,Starlink: Group 12-16,F9 B5 B1078‑18,SpaceX,Cape Canaveral,28.5721,-80.648,1,0.0,4.97889,0.0,29.129791,73.5311,1009.42377,0.0,0.0,5.921011924743652,3.0,0,74.0,0,0,0,0,0
2025-03-18 19:57:00,Starlink: Group 12-25,F9 B5 B1077‑19,SpaceX,Cape Canaveral,28.5721,-80.648,1,7.684326,5.9966683,0.0,29.579498,78.53101,1008.8025,0.0,73.26965,5.921011924743652,3.0,0,77.0,0,0,0,0,0
2025-03-21 06:49:00,NROL-57 (~11 Starshield satellites),F9 B5 B1088‑4,SpaceX,Cape Canaveral,28.5721,-80.648,1,0.24108887,5.87318,0.0,29.093658,75.15191,1011.5975,0.0,0.3326416,6.248184680938721,3.0,0,80.0,0,0,0,0,0
2025-03-24 17:48:00,NROL-69,F9 B5 B1092‑2,SpaceX,Cape Canaveral,28.5721,-80.648,1,0.0,5.0609164,0.0,29.080963,75.50378,1009.8269,0.0,14.813232,6.248184680938721,3.0,0,83.0,0,0,0,0,0
2025-03-26 22:11:00,Starlink: Group 11-7,F9 B5 B1063‑24,SpaceX,Cape Canaveral,28.5721,-80.648,1,0.0,5.470341,0.0,29.180084,75.62431,1005.72565,0.0,0.0,5.890226364135742,3.0,0,85.0,0,0,0,0,0
2025-03-31 19:52:00,Starlink: Group 6-80,F9 B5 B1080‑17,SpaceX,Cape Canaveral,28.5721,-80.648,1,0.0,5.7318025,0.0,29.045563,70.90608,1006.67,0.0,15.219116,6.311281204223633,3.0,0,90.0,0,0,0,0,0
2025-04-01 01:46:00,Fram2 (Crew Dragon C207-4 Resilience),F9 B5 B1085‑6,SpaceX,Cape Canaveral,28.5721,-80.648,1,0.0,5.862695,0.0,29.432281,69.22686,1006.32,0.0,0.0,6.311281204223633,4.0,0,91.0,0,0,0,0,0
2025-04-04 01:02:00,Starlink: Group 11-13,F9 B5 B1088‑5,SpaceX,Cape Canaveral,28.5721,-80.648,1,70.251465,4.9309106,0.13113022,29.763336,78.13668,1008.03314,0.001430511474609375,98.480225,5.862695217132568,4.0,0,94.0,0,0,0,0,0
2025-04-06 03:07:00,Starlink: Group 6-72,F9 B5 B1078‑19,SpaceX,Cape Canaveral,28.5721,-80.648,1,3.2806396,4.0414715,0.0,30.003326,74.41176,1005.6675,0.13113021850585938,34.664917,5.104226112365723,4.0,0,96.0,0,0,0,0,0
2025-04-07 23:06:00,Starlink: Group 11-11,F9 B5 B1093‑1,SpaceX,Cape Canaveral,28.5721,-80.648,1,4.333496,4.933681,0.0,30.180084,75.67143,1006.1369,0.13113021850585938,3.2806396,5.104226112365723,4.0,0,97.0,0,0,0,0,0
2025-04-12 12:25:00,NROL-192 (22 Starshield satellites),F9 B5 B1071‑24,SpaceX,Cape Canaveral,28.5721,-80.648,1,10.064697,5.1550336,0.0,31.610748,74.685234,1003.53937,0.0,46.188354,5.930699825286865,4.0,0,102.0,0,0,0,0,0
2025-04-13 00:53:00,Starlink: Group 12-17,F9 B5 B1083‑10,SpaceX,Cape Canaveral,28.5721,-80.648,1,37.13684,3.592523,0.0,30.622711,81.414116,1005.5081,0.0,10.064697,5.930699825286865,4.0,0,103.0,0,0,0,0,0
2025-04-14 04:00:00,Starlink: Group 6-73,F9 B5 B1067‑27,SpaceX,Cape Canaveral,28.5721,-80.648,1,28.387451,5.944032,0.0,30.597565,76.44928,1005.0181,0.0,37.13684,5.930699825286865,4.0,0,104.0,0,0,0,0,0
2025-04-20 12:29:00,NROL-145 (22 Starshield satellites),F9 B5 B1082‑12,SpaceX,Cape Canaveral,28.5721,-80.648,1,0.0,6.908267,0.0,30.61856,83.192474,1003.70624,0.0,62.332153,7.389845848083496,4.0,0,110.0,0,0,0,0,0
2025-04-21 08:15:00,SpaceX CRS-32 (Cargo Dragon C209-5),F9 B5 B1092‑3,SpaceX,Cape Canaveral,28.5721,-80.648,1,5.9783936,5.092885,0.0,30.399078,83.20944,1006.66437,0.0,0.0,7.389845848083496,4.0,0,111.0,0,0,0,0,0
2025-04-22 00:48:00,"Bandwagon-3 (425Sat-3,[327] Tomorrow-S7, PHOENIX)",F9 B5 B1090‑3,SpaceX,Cape Canaveral,28.5721,-80.648,1,4.7698975,6.046569,0.0,30.53897,80.65956,1006.92065,0.0,5.9783936,7.389845848083496,4.0,0,112.0,0,0,0,0,0
2025-04-25 01:52:00,Starlink: Group 6-74,F9 B5 B1069‑23,SpaceX,Cape Canaveral,28.5721,-80.648,1,0.0,6.6011205,0.0,30.542633,83.81301,1004.46564,0.0,0.0,6.5825090408325195,4.0,0,115.0,0,0,0,0,0
2025-04-28 02:09:00,Starlink: Group 12-23,F9 B5 B1077‑20,SpaceX,Cape Canaveral,28.5721,-80.648,1,3.85437,5.8482685,0.0,30.478668,78.53546,1004.23065,0.0,24.502563,7.182187557220459,4.0,0,118.0,0,0,0,0,0
2025-04-28 20:42:00,Starlink: Group 11-9,F9 B5 B1063‑25,SpaceX,Cape Canaveral,28.5721,-80.648,1,3.85437,5.8482685,0.0,30.478668,78.53546,1004.23065,0.0,24.502563,7.182187557220459,4.0,0,118.0,0,0,0,0,0
2025-04-29 02:34:00,Starlink: Group 12-10,F9 B5 B1094‑1,SpaceX,Cape Canaveral,28.5721,-80.648,1,34.09729,5.7667704,0.0,30.309235,79.720856,1003.96875,0.0,3.85437,7.182187557220459,4.0,0,119.0,0,0,0,0,0
2025-05-02 01:51:00,Starlink: Group 6-75,F9 B5 B1080‑18,SpaceX,Cape Canaveral,28.5721,-80.648,1,27.792358,6.640828,0.0,30.076569,81.408745,1005.02875,0.0,15.115356,6.754726409912109,5.0,0,122.0,0,0,0,0,0
2025-05-04 08:54:00,Starlink: Group 6-84,F9 B5 B1078‑20,SpaceX,Cape Canaveral,28.5721,-80.648,1,51.498413,6.023998,0.0,29.345123,87.85131,1004.73065,0.0,10.690308,6.754726409912109,5.0,0,124.0,0,0,0,0,0
2025-05-07 01:17:00,Starlink: Group 6-93,F9 B5 B1085‑7,SpaceX,Cape Canaveral,28.5721,-80.648,1,95.23926,4.852572,0.0,30.2482,81.88392,1003.4963,0.0,35.147095,6.5404438972473145,5.0,0,127.0,0,0,0,0,0
2025-05-10 00:19:00,Starlink: Group 15-3,F9 B5 B1081‑14,SpaceX,Cape Canaveral,28.5721,-80.648,1,10.293579,5.944135,0.0,31.061188,79.92817,1004.365,0.0,11.776733,5.791665554046631,5.0,0,130.0,0,0,0,0,0
2025-05-10 06:28:00,Starlink: Group 6-91,F9 B5 B1083‑11,SpaceX,Cape Canaveral,28.5721,-80.648,1,10.293579,5.944135,0.0,31.061188,79.92817,1004.365,0.0,11.776733,5.791665554046631,5.0,0,130.0,0,0,0,0,0
2025-05-13 01:15:00,Starlink: Group 15-4,F9 B5 B1088‑6,SpaceX,Cape Canaveral,28.5721,-80.648,1,73.94714,4.996963,0.0,31.765533,78.06709,1001.28375,0.0,6.7504883,5.9441351890563965,5.0,0,133.0,0,0,0,0,0
2025-05-13 05:02:00,Starlink: Group 6-83,F9 B5 B1067‑28,SpaceX,Cape Canaveral,28.5721,-80.648,1,73.94714,4.996963,0.0,31.765533,78.06709,1001.28375,0.0,6.7504883,5.9441351890563965,5.0,0,133.0,0,0,0,0,0
2025-05-14 16:38:00,Starlink: Group 6-67,F9 B5 B1090‑4,SpaceX,Cape Canaveral,28.5721,-80.648,1,5.5511475,5.6699634,0.0,31.94571,76.2953,1002.0775,0.0,73.94714,5.9441351890563965,5.0,0,134.0,0,0,0,0,0
2025-05-16 13:43:00,Starlink: Group 15-5,F9 B5 B1093‑2,SpaceX,Cape Canaveral,28.5721,-80.648,1,75.27161,5.2100463,0.0,31.46402,73.24656,1002.5119,0.0,0.0,5.669963359832764,5.0,0,136.0,0,0,0,0,0
2025-05-21 03:19:00,Starlink: Group 12-15,F9 B5 B1095‑1,SpaceX,Cape Canaveral,28.5721,-80.648,1,100.0,3.321194,0.0009536743,31.249664,74.20525,1001.275,0.12731552124023438,100.0,5.57227087020874,5.0,0,141.0,0,0,0,0,0
2025-05-23 22:32:00,Starlink: Group 11-16,F9 B5 B1075‑18,SpaceX,Cape Canaveral,28.5721,-80.648,1,50.216675,5.442259,0.0,31.889069,75.06413,999.09564,0.00667572021484375,97.57385,3.394273042678833,5.0,0,143.0,0,0,0,0,0
2025-05-24 17:19:00,Starlink: Group 12-22,F9 B5 B1069‑24,SpaceX,Cape Canaveral,28.5721,-80.648,1,99.14551,6.178227,0.0,32.262848,69.78394,999.3094,0.00095367431640625,50.216675,5.442258834838867,5.0,0,144.0,0,0,0,0,0
2025-05-27 16:57:00,Starlink: Group 17-1,F9 B5 B1082‑13,SpaceX,Cape Canaveral,28.5721,-80.648,1,100.0,4.7612233,0.0,31.93399,66.51861,998.1844,0.4172325134277344,100.0,6.178226947784424,5.0,0,147.0,0,0,0,0,0
2025-05-28 13:30:00,Starlink: Group 10-32,F9 B5 B1080‑19,SpaceX,Cape Canaveral,28.5721,-80.648,1,100.0,2.6219125,0.0,32.107086,64.13176,998.34814,0.4172325134277344,100.0,6.178226947784424,5.0,0,148.0,0,0,0,0,0
2025-05-30 17:37:00,GPS III-8,F9 B5 B1092‑4,SpaceX,Cape Canaveral,28.5721,-80.648,1,100.0,5.0440884,0.36144257,29.28946,82.363434,1000.1138,0.0,100.0,4.761223316192627,5.0,0,150.0,0,0,0,0,0
2025-05-31 20:10:00,Starlink: Group 11-18,F9 B5 B1071‑25,SpaceX,Cape Canaveral,28.5721,-80.648,1,98.99902,1.1363866,0.0,32.442047,70.19148,1002.3175,0.36144256591796875,100.0,5.044088363647461,5.0,0,151.0,0,0,0,0,0
2025-06-03 04:43:00,Starlink: Group 12-19,F9 B5 B1077‑21,SpaceX,Cape Canaveral,28.5721,-80.648,1,92.718506,5.0629597,0.1206398,32.44449,69.16252,1003.3831,0.0,99.572754,5.448300838470459,6.0,1,154.0,0,0,0,0,0
2025-06-04 23:40:00,Starlink: Group 11-22,F9 B5 B1063‑26,SpaceX,Cape Canaveral,28.5721,-80.648,1,75.27161,5.4750304,0.0,32.354645,66.92329,1003.9306,0.12063980102539062,92.718506,5.448300838470459,6.0,1,155.0,0,0,0,0,0
2025-06-07 04:54:00,SXM-10,F9 B5 B1085‑8,SpaceX,Cape Canaveral,28.5721,-80.648,1,18.786621,4.6378827,0.0,32.742096,68.03032,1003.5681,0.0,21.82312,5.804910182952881,6.0,1,158.0,0,0,0,0,0
2025-06-08 14:20:00,Starlink: Group 15-8,F9 B5 B1088‑7,SpaceX,Cape Canaveral,28.5721,-80.648,1,99.42627,2.3707793,0.8544922,30.889313,77.73743,1003.10187,0.0,18.786621,5.804910182952881,6.0,1,159.0,0,0,0,0,0
2025-06-10 13:05:00,Starlink: Group 12-24,F9 B5 B1083‑12,SpaceX,Cape Canaveral,28.5721,-80.648,1,100.0,4.643725,0.0,31.944977,71.83931,998.42377,0.865936279296875,96.21582,5.804910182952881,6.0,1,161.0,0,0,0,0,0
2025-06-13 01:54:00,Starlink: Group 15-6,F9 B5 B1081‑15,SpaceX,Cape Canaveral,28.5721,-80.648,1,76.66931,6.2042522,0.00333786,31.237457,73.995674,999.15063,0.043392181396484375,27.212524,5.347012042999268,6.0,1,164.0,0,0,0,0,0
2025-06-13 15:29:00,Starlink: Group 12-26,F9 B5 B1078‑21,SpaceX,Cape Canaveral,28.5721,-80.648,1,76.66931,6.2042522,0.00333786,31.237457,73.995674,999.15063,0.043392181396484375,27.212524,5.347012042999268,6.0,1,164.0,0,0,0,0,0
2025-06-17 03:36:00,Starlink: Group 15-9,F9 B5 B1093‑3,SpaceX,Cape Canaveral,28.5721,-80.648,1,98.6145,3.5175424,0.0,33.11783,62.321316,1001.8744,0.019550323486328125,100.0,6.204252243041992,6.0,1,168.0,0,0,0,0,0
2025-06-18 05:55:00,Starlink: Group 10-18,F9 B5 B1090‑5,SpaceX,Cape Canaveral,28.5721,-80.648,1,100.0,5.148771,0.00047683716,33.67398,57.600403,1002.1844,0.019550323486328125,98.6145,5.447708606719971,6.0,1,169.0,0,0,0,0,0
2025-06-23 05:58:00,Starlink: Group 10-23,F9 B5 B1069‑25,SpaceX,Cape Canaveral,28.5721,-80.648,1,100.0,3.939103,0.13017654,30.497955,65.238106,1001.7994,0.0057220458984375,100.0,6.86592960357666,6.0,1,174.0,0,0,0,0,0
2025-06-23 21:25:00,Transporter-14 (70 payloads smallsat rideshare)[67],F9 B5 B1071‑26,SpaceX,Cape Canaveral,28.5721,-80.648,1,100.0,3.939103,0.13017654,30.497955,65.238106,1001.7994,0.0057220458984375,100.0,6.86592960357666,6.0,1,174.0,0,0,0,0,0
2025-06-25 06:31:00,Axiom Mission 4 (Crew Dragon C213-1 Grace),F9 B5 B1094‑2,SpaceX,Cape Canaveral,28.5721,-80.648,1,100.0,2.9722717,0.0,31.467438,66.9249,1000.4412,0.13589859008789062,100.0,5.804473400115967,6.0,1,176.0,0,0,0,0,0
2025-06-25 19:54:00,Starlink: Group 10-16,F9 B5 B1080‑20,SpaceX,Cape Canaveral,28.5721,-80.648,1,100.0,2.9722717,0.0,31.467438,66.9249,1000.4412,0.13589859008789062,100.0,5.804473400115967,6.0,1,176.0,0,0,0,0,0
2025-06-28 04:26:00,Starlink: Group 10-34,F9 B5 B1092‑5,SpaceX,Cape Canaveral,28.5721,-80.648,1,80.53894,4.422405,0.0,33.72696,55.896053,1001.57623,0.016689300537109375,100.0,6.568538665771484,6.0,1,179.0,0,0,0,0,0
2025-06-28 17:13:00,Starlink: Group 15-7,F9 B5 B1088‑8,SpaceX,Cape Canaveral,28.5721,-80.648,1,80.53894,4.422405,0.0,33.72696,55.896053,1001.57623,0.016689300537109375,100.0,6.568538665771484,6.0,1,179.0,0,0,0,0,0
2025-07-01 21:04:00,MTG-S1 / Sentinel-4A[365],F9 B5 B1085‑9,SpaceX,Cape Canaveral,28.5721,-80.648,1,99.33472,1.0180789,0.0,32.09659,62.082756,1002.5875,0.003814697265625,100.0,6.568538665771484,7.0,1,182.0,0,0,0,0,0
2025-07-02 06:28:00,Starlink: Group 10-25,F9 B5 B1067‑29,SpaceX,Cape Canaveral,28.5721,-80.648,1,100.0,4.9684734,0.16117096,29.730377,79.25268,1002.16187,0.003814697265625,99.33472,4.9762797355651855,7.0,1,183.0,0,0,0,0,0
2025-07-08 08:21:00,Starlink: Group 10-28,F9 B5 B1077‑22,SpaceX,Cape Canaveral,28.5721,-80.648,1,51.59912,4.4959393,0.0,33.4606,55.990326,1001.90063,0.3123283386230469,100.0,5.218327522277832,7.0,1,189.0,0,0,0,0,0
2025-07-13 05:04:00,Dror-1 [he],F9 B5 B1083‑13,SpaceX,Cape Canaveral,28.5721,-80.648,1,99.18823,3.1645226,0.0,33.260895,58.3995,1001.5656,0.0,66.2262,5.340498924255371,7.0,1,194.0,0,0,0,0,0
2025-07-16 02:05:00,Starlink: Group 15-2,F9 B5 B1093‑4,SpaceX,Cape Canaveral,28.5721,-80.648,1,72.143555,6.670934,0.0,31.579498,70.49819,999.9338,0.019550323486328125,81.34155,4.710880279541016,7.0,1,197.0,0,0,0,0,0
2025-07-16 06:30:00,KuiperSat × 24 (KF-01),F9 B5 B1096‑1,SpaceX,Cape Canaveral,28.5721,-80.648,1,72.143555,6.670934,0.0,31.579498,70.49819,999.9338,0.019550323486328125,81.34155,4.710880279541016,7.0,1,197.0,0,0,0,0,0
2025-07-19 03:52:00,Starlink: Group 17-3,F9 B5 B1082‑14,SpaceX,Cape Canaveral,28.5721,-80.648,1,94.01245,4.343954,0.0,30.166412,75.85622,999.3244,0.03910064697265625,100.0,6.670934200286865,7.0,1,200.0,0,0,0,0,0
2025-07-22 21:12:00,O3b mPOWER 9 & 10,F9 B5 B1090‑6,SpaceX,Cape Canaveral,28.5721,-80.648,1,90.39917,0.6513085,0.0,30.269684,69.376495,1000.64874,0.12111663818359375,99.75891,4.343954086303711,7.0,1,203.0,0,0,0,0,0
2025-07-23 18:13:00,TRACERS (2 satellites) + 5 rideshares,F9 B5 B1081‑16,SpaceX,Cape Canaveral,28.5721,-80.648,1,100.0,2.3941698,0.30231476,28.666412,80.88686,1001.135,0.12111663818359375,90.39917,4.343954086303711,7.0,1,204.0,0,0,0,0,0
2025-07-26 09:01:00,Starlink: Group 10-26,F9 B5 B1078‑22,SpaceX,Cape Canaveral,28.5721,-80.648,1,98.76099,2.1812558,0.0,32.657135,58.019657,1001.4963,0.30231475830078125,100.0,3.8670897483825684,7.0,1,207.0,0,0,0,0,0
2025-07-27 04:31:00,Starlink: Group 17-2,F9 B5 B1075‑19,SpaceX,Cape Canaveral,28.5721,-80.648,1,95.62683,2.2825904,0.0,31.976715,62.78303,1002.78125,0.0,98.76099,3.8670897483825684,7.0,1,208.0,0,0,0,0,0
2025-07-30 03:37:00,Starlink: Group 10-29,F9 B5 B1069‑26,SpaceX,Cape Canaveral,28.5721,-80.648,1,96.41724,3.6229055,0.0,32.762604,56.838818,1003.0525,0.0,99.42627,2.282590389251709,7.0,1,211.0,0,0,0,0,0
2025-07-31 18:35:00,Starlink: Group 13-4 + 2 Starshield satellites[382],F9 B5 B1071‑27,SpaceX,Cape Canaveral,28.5721,-80.648,1,97.09473,3.0511491,0.0104904175,31.334625,66.30246,1003.60187,0.0,96.41724,3.6229054927825928,7.0,1,212.0,0,0,0,0,0
2025-08-01 15:43:00,Crew-11 (Crew Dragon C206-6 Endeavour),F9 B5 B1094‑3,SpaceX,Cape Canaveral,28.5721,-80.648,1,91.33301,4.308433,0.0,31.360748,66.00565,1002.9275,0.01049041748046875,97.09473,3.6229054927825928,8.0,1,213.0,0,0,0,0,0
2025-08-04 07:57:00,Starlink: Group 10-30,F9 B5 B1080‑21,SpaceX,Cape Canaveral,28.5721,-80.648,1,97.66846,3.611207,0.0019073486,29.307526,82.26921,1003.83685,0.0,99.66736,4.3084330558776855,8.0,1,216.0,0,0,0,0,0
2025-08-11 12:35:00,KuiperSat × 24 (KF-02),F9 B5 B1091‑1,SpaceX,Cape Canaveral,28.5721,-80.648,1,100.0,4.4168754,0.022411346,29.362457,75.65066,1004.36127,0.049591064453125,100.0,5.6675801277160645,8.0,1,223.0,0,0,0,0,0
2025-08-14 05:05:00,Starlink: Group 17-4,F9 B5 B1093‑5,SpaceX,Cape Canaveral,28.5721,-80.648,1,79.24194,2.1063535,0.0,30.656647,67.676216,1002.76373,0.7977485656738281,100.0,4.672799587249756,8.0,1,226.0,0,0,0,0,0
2025-08-14 12:29:00,Starlink: Group 10-20,F9 B5 B1085‑10,SpaceX,Cape Canaveral,28.5721,-80.648,1,79.24194,2.1063535,0.0,30.656647,67.676216,1002.76373,0.7977485656738281,100.0,4.672799587249756,8.0,1,226.0,0,0,0,0,0
2025-08-18 16:26:00,Starlink: Group 17-5,F9 B5 B1088‑9,SpaceX,Cape Canaveral,28.5721,-80.648,1,100.0,4.524455,0.37384033,28.880768,78.47043,1002.7056,1.9783973693847656,100.0,3.612396001815796,8.0,1,230.0,0,0,0,0,0
2025-08-22 03:50:00,USSF-36 (Boeing X-37B OTV-8),F9 B5 B1092‑6[393],SpaceX,Cape Canaveral,28.5721,-80.648,1,99.002075,2.658303,0.0009536743,30.7294,72.662384,1004.585,0.0,91.937256,4.5244550704956055,8.0,1,234.0,0,0,0,0,0
2025-08-22 17:04:00,Starlink: Group 17-6,F9 B5 B1081‑17,SpaceX,Cape Canaveral,28.5721,-80.648,1,99.002075,2.658303,0.0009536743,30.7294,72.662384,1004.585,0.0,91.937256,4.5244550704956055,8.0,1,234.0,0,0,0,0,0
2025-08-24 06:45:00,SpaceX CRS-33 (Dragon C211-3),F9 B5 B1090‑7,SpaceX,Cape Canaveral,28.5721,-80.648,1,100.0,1.177086,0.0,31.59024,65.90454,1005.29565,0.00095367431640625,100.0,2.9946553707122803,8.0,1,236.0,0,0,0,0,0
2025-08-26 18:53:00,NAOS + 7 rideshares[399],F9 B5 B1063‑27,SpaceX,Cape Canaveral,28.5721,-80.648,1,100.0,2.0720632,0.0,31.054352,71.41301,1003.78375,0.0,99.66736,2.701197385787964,8.0,1,238.0,0,0,0,0,0
2025-08-27 11:10:00,Starlink: Group 10-56,F9 B5 B1095‑2,SpaceX,Cape Canaveral,28.5721,-80.648,1,100.0,4.0188355,0.01001358,29.991364,71.7961,1002.8894,0.0,100.0,2.701197385787964,8.0,1,239.0,0,0,0,0,0
2025-08-28 08:12:00,Starlink: Group 10-11,F9 B5 B1067‑30,SpaceX,Cape Canaveral,28.5721,-80.648,1,100.0,2.7037897,0.0019073486,31.862457,68.32745,1001.21375,0.010013580322265625,100.0,4.018835544586182,8.0,1,240.0,0,0,0,0,0
2025-08-30 04:59:00,Starlink: Group 17-7,F9 B5 B1082‑15,SpaceX,Cape Canaveral,28.5721,-80.648,1,44.070435,4.067076,0.0,30.565094,76.14326,1004.435,0.1354217529296875,59.103394,4.572146415710449,8.0,1,242.0,0,0,0,0,0
2025-08-31 11:49:00,Starlink: Group 10-14,F9 B5 B1077‑23,SpaceX,Cape Canaveral,28.5721,-80.648,1,93.18848,1.1015596,0.0,31.577545,68.51561,1002.6944,0.12540817260742188,44.070435,4.572146415710449,8.0,1,243.0,0,0,0,0,0
2025-09-03 03:51:00,Starlink: Group 17-8,F9 B5 B1097‑1,SpaceX,Cape Canaveral,28.5721,-80.648,1,94.677734,3.827309,0.0104904175,31.202545,67.91349,1001.72314,0.0,99.572754,4.067076206207275,9.0,1,246.0,0,0,0,0,0
2025-09-03 11:56:00,Starlink: Group 10-22,F9 B5 B1083‑14,SpaceX,Cape Canaveral,28.5721,-80.648,1,94.677734,3.827309,0.0104904175,31.202545,67.91349,1001.72314,0.0,99.572754,4.067076206207275,9.0,1,246.0,0,0,0,0,0
2025-09-05 12:32:00,Starlink: Group 10-57,F9 B5 B1069‑27,SpaceX,Cape Canaveral,28.5721,-80.648,1,54.986572,5.7292953,0.0,31.01651,73.4931,1003.83685,0.01049041748046875,96.38672,3.8273088932037354,9.0,1,248.0,0,0,0,0,0
2025-09-06 18:06:00,Starlink: Group 17-9,F9 B5 B1075‑20,SpaceX,Cape Canaveral,28.5721,-80.648,1,15.002441,4.893294,0.0,31.068756,72.6351,1004.155,0.01049041748046875,54.986572,5.729295253753662,9.0,1,249.0,0,0,0,0,0
2025-09-10 14:12:00,SDA Tranche 1 Transport Layer B (21 satellites),F9 B5 B1093‑6,SpaceX,Cape Canaveral,28.5721,-80.648,1,41.522217,5.4673247,0.0047683716,29.53067,82.12485,1004.0744,0.000476837158203125,18.75,5.61818790435791,9.0,1,253.0,0,0,0,0,0
2025-09-12 01:56:00,Nusantara Lima,F9 B5 B1078‑23,SpaceX,Cape Canaveral,28.5721,-80.648,1,100.0,2.3351345,0.0,29.329742,74.82545,1004.36,0.025272369384765625,85.372925,5.61818790435791,9.0,1,255.0,0,0,0,0,0
2025-09-13 17:55:00,Starlink: Group 17-10,F9 B5 B1071‑28,SpaceX,Cape Canaveral,28.5721,-80.648,1,99.24011,0.14529862,0.0009536743,28.899078,77.77779,1005.60376,0.0247955322265625,100.0,5.61818790435791,9.0,1,256.0,0,0,0,0,0
2025-09-14 22:11:00,"CRS NG-23 (S.S. William ""Willie"" C. McCool)",F9 B5 B1094‑4,SpaceX,Cape Canaveral,28.5721,-80.648,1,75.234985,4.724842,0.0,29.706207,78.527176,1005.4444,0.0209808349609375,99.24011,5.467324733734131,9.0,1,257.0,0,0,0,0,0
2025-09-18 09:30:00,Starlink: Group 10-61,F9 B5 B1092‑7,SpaceX,Cape Canaveral,28.5721,-80.648,1,38.09204,3.8512132,0.00667572,29.588531,76.51721,1004.6325,0.004291534423828125,19.360352,5.1310930252075195,9.0,1,261.0,0,0,0,0,0
2025-09-19 16:31:00,Starlink: Group 17-12,F9 B5 B1088‑10,SpaceX,Cape Canaveral,28.5721,-80.648,1,94.56177,4.4734783,0.008106232,29.406158,76.2213,1005.53436,0.010967254638671875,38.09204,5.1310930252075195,9.0,1,262.0,0,0,0,0,0
2025-09-21 10:53:00,Starlink: Group 10-27,F9 B5 B1085‑11,SpaceX,Cape Canaveral,28.5721,-80.648,1,99.18823,3.4451816,1.080513,29.075348,78.040665,1003.65936,0.014781951904296875,100.0,4.473478317260742,9.0,1,264.0,0,0,0,0,0
2025-09-22 17:38:00,NROL-48 (~11 Starshield satellites),F9 B5 B1081‑18,SpaceX,Cape Canaveral,28.5721,-80.648,1,100.0,1.6342729,0.0,30.71988,67.86142,1004.39435,1.0886192321777344,99.18823,4.473478317260742,9.0,1,265.0,0,0,0,0,0
2025-09-24 11:30:00,Interstellar Mapping and Acceleration Probe (IMAP)[422],F9 B5 B1096‑2,SpaceX,Cape Canaveral,28.5721,-80.648,1,100.0,4.0147057,0.0,31.530914,59.414677,1002.97314,1.0805130004882812,100.0,3.4451816082000732,9.0,1,267.0,0,0,0,0,0
2025-09-25 08:39:00,Starlink: Group 10-15,F9 B5 B1080‑22,SpaceX,Cape Canaveral,28.5721,-80.648,1,56.140137,0.652362,0.00047683716,32.15152,62.10387,1001.72876,0.0,100.0,4.014705657958984,9.0,1,268.0,0,0,0,0,0
2025-09-26 04:26:00,Starlink: Group 17-11,F9 B5 B1082‑16,SpaceX,Cape Canaveral,28.5721,-80.648,1,100.0,2.8547654,0.0052452087,30.318268,64.02492,1002.3013,0.000476837158203125,56.140137,4.014705657958984,9.0,1,269.0,0,0,0,0,0
2025-09-29 02:04:00,Starlink: Group 11-20,F9 B5 B1063‑28,SpaceX,Cape Canaveral,28.5721,-80.648,1,68.57605,2.4913998,0.07677078,28.560211,80.92989,1004.1425,0.08487701416015625,64.05945,4.198260307312012,9.0,1,272.0,0,0,0,0,0
2025-10-03 14:06:00,Starlink: Group 11-39,F9 B5 B1097‑2,SpaceX,Cape Canaveral,28.5721,-80.648,1,11.254883,5.3886547,0.0,30.89444,75.202354,1006.4981,0.0,98.99902,3.049503803253174,10.0,0,276.0,1,0,0,0,0
2025-10-07 06:46:00,Starlink: Group 10-59,F9 B5 B1090‑8,SpaceX,Cape Canaveral,28.5721,-80.648,1,16.854858,3.771947,0.011920929,29.75821,76.034805,1007.8088,0.0019073486328125,21.33789,5.388654708862305,10.0,0,280.0,1,0,0,0,0
2025-10-08 03:54:00,Starlink: Group 11-17,F9 B5 B1071‑29,SpaceX,Cape Canaveral,28.5721,-80.648,1,13.604736,3.9095738,0.00047683716,29.69107,74.62832,1007.77686,0.013828277587890625,16.854858,4.934225082397461,10.0,0,281.0,1,0,0,0,0
2025-10-14 01:58:00,KuiperSat × 24 (KF-03),F9 B5 B1091‑2,SpaceX,Cape Canaveral,28.5721,-80.648,1,23.81897,4.093686,0.0,29.363922,75.55486,1005.7356,0.45490264892578125,94.1864,4.565481662750244,10.0,0,287.0,1,0,0,0,0
2025-10-15 23:06:00,SDA Tranche 1 Transport Layer C (21 satellites),F9 B5 B1093‑7,SpaceX,Cape Canaveral,28.5721,-80.648,1,100.0,5.1211433,0.061511993,28.360504,78.166504,1005.71936,0.4210472106933594,23.81897,4.565481662750244,10.0,0,288.0,1,0,0,0,0
2025-10-16 09:27:00,Starlink: Group 10-52,F9 B5 B1095‑3,SpaceX,Cape Canaveral,28.5721,-80.648,1,100.0,4.015676,1.2283325,27.422028,87.67948,1006.7413,0.3604888916015625,100.0,5.121143341064453,10.0,0,289.0,1,0,0,0,0
2025-10-19 17:39:00,Starlink: Group 10-17,F9 B5 B1067‑31,SpaceX,Cape Canaveral,28.5721,-80.648,1,98.76099,1.973108,0.04196167,28.21231,79.93886,1005.83875,2.274036407470703,87.420654,5.444382667541504,10.0,0,292.0,1,0,0,0,0
2025-10-19 19:24:00,Starlink: Group 11-19,F9 B5 B1088‑11,SpaceX,Cape Canaveral,28.5721,-80.648,1,98.76099,1.973108,0.04196167,28.21231,79.93886,1005.83875,2.274036407470703,87.420654,5.444382667541504,10.0,0,292.0,1,0,0,0,0
2025-10-22 14:16:00,Starlink: Group 11-5,F9 B5 B1075‑21,SpaceX,Cape Canaveral,28.5721,-80.648,1,99.09363,4.743086,0.15544891,27.309235,89.40252,1005.6669,1.7142295837402344,99.42627,5.119842529296875,10.0,0,295.0,1,0,0,0,0
2025-10-24 01:30:00,Spainsat NG II,F9 B5 B1076‑22,SpaceX,Cape Canaveral,28.5721,-80.648,1,98.5199,2.4039612,0.02336502,27.640778,79.09325,1006.8025,2.6688575744628906,100.0,5.119842529296875,10.0,0,297.0,1,0,0,0,0
2025-10-25 14:20:00,Starlink: Group 11-12,F9 B5 B1081‑19,SpaceX,Cape Canaveral,28.5721,-80.648,1,99.331665,3.795625,0.0047683716,28.169586,81.07294,1007.665,1.0938644409179688,98.5199,5.119842529296875,10.0,0,298.0,1,0,0,0,0
2025-10-26 15:00:00,Starlink: Group 10-21,F9 B5 B1077‑24,SpaceX,Cape Canaveral,28.5721,-80.648,1,100.0,2.2826567,0.01335144,28.44986,82.39199,1007.58185,0.9431838989257812,99.331665,4.743085861206055,10.0,0,299.0,1,0,0,0,0
2025-10-28 00:43:00,Starlink: Group 11-21,F9 B5 B1082‑17,SpaceX,Cape Canaveral,28.5721,-80.648,1,100.0,6.35933,2.0766258,26.306305,84.28982,1003.27814,1.636505126953125,100.0,8.725584983825684,10.0,0,301.0,1,0,0,0,0
2025-10-29 16:35:00,Starlink: Group 10-37,F9 B5 B1083‑15,SpaceX,Cape Canaveral,28.5721,-80.648,1,20.870972,3.8954031,0.04339218,29.011871,79.36444,1005.0175,3.708362579345703,100.0,8.725584983825684,10.0,0,302.0,1,0,0,0,0
2025-10-31 20:41:00,Starlink: Group 11-23,F9 B5 B1063‑29,SpaceX,Cape Canaveral,28.5721,-80.648,1,0.0,3.1035552,0.0,30.3378,75.02165,1008.64185,2.1200180053710938,23.736572,8.725584983825684,10.0,0,304.0,1,0,0,0,0
2025-11-02 05:09:00,Bandwagon-4 (18 payloads smallsat rideshare)[67][87],F9 B5 B1091‑3,SpaceX,Cape Canaveral,28.5721,-80.648,1,88.8031,1.0635765,0.20980835,30.985992,69.553185,1008.6725,0.00095367431640625,28.49121,3.8954031467437744,11.0,0,306.0,1,0,0,0,0
2025-11-06 01:31:00,Starlink: Group 6-81,F9 B5 B1094‑5,SpaceX,Cape Canaveral,28.5721,-80.648,1,15.853882,2.9229336,0.16593933,28.839752,75.43041,1008.28436,0.0019073486328125,48.165894,1.797946572303772,11.0,0,310.0,1,0,0,0,0
2025-11-06 21:13:00,Starlink: Group 11-14,F9 B5 B1093‑8,SpaceX,Cape Canaveral,28.5721,-80.648,1,15.853882,2.9229336,0.16593933,28.839752,75.43041,1008.28436,0.0019073486328125,48.165894,1.797946572303772,11.0,0,310.0,1,0,0,0,0
2025-11-09 08:10:00,Starlink: Group 10-51,F9 B5 B1069‑28,SpaceX,Cape Canaveral,28.5721,-80.648,1,13.22937,3.7390177,0.0,28.50528,66.74238,1009.64435,0.1659393310546875,20.584106,3.226726770401001,11.0,0,313.0,1,0,0,0,0
2025-11-11 03:21:00,Starlink: Group 6-87,F9 B5 B1096‑3,SpaceX,Cape Canaveral,28.5721,-80.648,1,9.7595215,4.06928,0.0038146973,28.288239,77.93428,1010.22437,0.001430511474609375,22.81189,4.603824138641357,11.0,0,315.0,1,0,0,0,0
2025-11-15 03:08:00,Starlink: Group 6-89,F9 B5 B1092‑8,SpaceX,Cape Canaveral,28.5721,-80.648,1,99.572754,5.051091,0.002861023,27.71988,67.03578,1012.8638,0.15544891357421875,8.746338,5.611485004425049,11.0,0,319.0,1,0,0,0,0
2025-11-15 06:44:00,Starlink: Group 6-85,F9 B5 B1078‑24,SpaceX,Cape Canaveral,28.5721,-80.648,1,99.572754,5.051091,0.002861023,27.71988,67.03578,1012.8638,0.15544891357421875,8.746338,5.611485004425049,11.0,0,319.0,1,0,0,0,0
2025-11-17 05:21:00,Sentinel-6B[451],F9 B5 B1097‑3,SpaceX,Cape Canaveral,28.5721,-80.648,1,100.0,8.256251,0.92840195,26.446198,78.08956,1012.1956,0.0057220458984375,53.442383,7.276149272918701,11.0,0,321.0,1,0,0,0,0
2025-11-19 00:12:00,Starlink: Group 6-94,F9 B5 B1085‑12,SpaceX,Cape Canaveral,28.5721,-80.648,1,21.282959,5.592988,0.0,26.959137,70.88057,1011.0681,2.1114349365234375,63.775635,8.256251335144043,11.0,0,323.0,1,0,0,0,0
2025-11-21 03:39:00,Starlink: Group 6-78,F9 B5 B1080‑23,SpaceX,Cape Canaveral,28.5721,-80.648,1,85.8551,5.254997,0.38862228,26.318024,91.08283,1012.15063,1.262664794921875,53.207397,8.256251335144043,11.0,0,325.0,1,0,0,0,0
2025-11-22 07:53:00,Starlink: Group 6-79,F9 B5 B1090‑9,SpaceX,Cape Canaveral,28.5721,-80.648,1,99.572754,5.6029687,0.39720535,26.68155,90.48752,1011.78625,0.4711151123046875,85.8551,5.592988014221191,11.0,0,326.0,1,0,0,0,0
2025-11-23 08:48:00,Starlink: Group 11-30,F9 B5 B1100‑1,SpaceX,Cape Canaveral,28.5721,-80.648,1,43.05725,4.819515,0.37288666,26.488434,91.13874,1011.5469,0.8683204650878906,99.572754,5.602968692779541,11.0,0,327.0,1,0,0,0,0
2025-11-28 18:44:00,Transporter-15 (140 payloads smallsat rideshare)[67],F9 B5 B1071‑30,SpaceX,Cape Canaveral,28.5721,-80.648,1,99.24011,6.4828396,0.0,26.973785,65.96832,1010.2425,0.0,78.66821,6.674361228942871,11.0,0,332.0,1,0,0,0,0
2025-12-01 07:44:00,Starlink: Group 6-86,F9 B5 B1095‑4,SpaceX,Cape Canaveral,28.5721,-80.648,1,97.42737,11.011485,2.5587082,25.474518,91.81498,1006.9344,2.6950836181640625,93.670654,8.965496063232422,12.0,0,335.0,1,0,0,0,0
2025-12-02 05:28:00,Starlink: Group 15-10,F9 B5 B1081‑20,SpaceX,Cape Canaveral,28.5721,-80.648,1,98.90747,6.744787,1.6307831,25.799225,86.97561,1008.59625,5.253791809082031,97.42737,11.01148509979248,12.0,0,336.0,1,0,0,0,0
2025-12-02 22:18:00,Starlink: Group 6-95,F9 B5 B1077‑25,SpaceX,Cape Canaveral,28.5721,-80.648,1,98.90747,6.744787,1.6307831,25.799225,86.97561,1008.59625,5.253791809082031,97.42737,11.01148509979248,12.0,0,336.0,1,0,0,0,0
2025-12-04 20:42:00,Starlink: Group 11-25,F9 B5 B1097‑4,SpaceX,Cape Canaveral,28.5721,-80.648,1,71.658325,3.8892486,0.8468628,25.93692,85.57036,1012.6825,4.847526550292969,100.0,11.01148509979248,12.0,0,338.0,1,0,0,0,0
2025-12-07 17:58:00,Starlink: Group 11-15,F9 B5 B1088‑12,SpaceX,Cape Canaveral,28.5721,-80.648,1,34.402466,4.539329,0.0,26.456696,75.320496,1014.3038,0.84686279296875,76.65405,7.33345365524292,12.0,0,341.0,1,0,0,0,0
2025-12-08 22:26:00,Starlink: Group 6-92,F9 B5 B1067‑32,SpaceX,Cape Canaveral,28.5721,-80.648,1,50.201416,5.7890906,0.0,26.747467,67.01589,1013.225,0.0,34.402466,7.33345365524292,12.0,0,342.0,1,0,0,0,0
2025-12-09 19:16:00,NROL-77[237][238],F9 B5 B1096‑4,SpaceX,Cape Canaveral,28.5721,-80.648,1,98.480225,5.6668735,0.006198883,26.457184,72.577774,1013.0525,0.0,50.201416,7.33345365524292,12.0,0,343.0,1,0,0,0,0
2025-12-10 11:40:00,Starlink: Group 15-11,F9 B5 B1082‑18,SpaceX,Cape Canaveral,28.5721,-80.648,1,42.08069,5.9282265,0.0,26.883453,65.29164,1012.95,0.006198883056640625,98.480225,5.798706531524658,12.0,0,344.0,1,0,0,0,0
2025-12-11 22:01:00,Starlink: Group 6-90,F9 B5 B1083‑16,SpaceX,Cape Canaveral,28.5721,-80.648,1,21.017456,5.8181624,0.0,26.384186,70.39086,1012.35876,0.006198883056640625,42.08069,5.928226470947266,12.0,0,345.0,1,0,0,0,0
2025-12-14 05:49:00,Starlink: Group 15-12,F9 B5 B1093‑9,SpaceX,Cape Canaveral,28.5721,-80.648,1,3.3325195,4.3835077,0.0,25.727448,65.76148,1012.0975,0.0,18.676758,5.928226470947266,12.0,0,348.0,1,0,0,0,0
2025-12-15 05:25:00,Starlink: Group 6-82,F9 B5 B1092‑9,SpaceX,Cape Canaveral,28.5721,-80.648,1,21.899414,5.407956,0.0,26.090973,66.95749,1012.3663,0.0,3.3325195,5.818162441253662,12.0,0,349.0,1,0,0,0,0
2025-12-17 13:42:00,Starlink: Group 6-99,F9 B5 B1094‑6,SpaceX,Cape Canaveral,28.5721,-80.648,1,7.86438,5.565775,0.0,26.124176,74.58226,1013.77625,0.0362396240234375,99.66736,5.757635593414307,12.0,0,351.0,1,0,0,0,0
2025-12-17 15:27:00,Starlink: Group 15-13,F9 B5 B1063‑30,SpaceX,Cape Canaveral,28.5721,-80.648,1,7.86438,5.565775,0.0,26.124176,74.58226,1013.77625,0.0362396240234375,99.66736,5.757635593414307,12.0,0,351.0,1,0,0,0,0
2026-01-03 02:09:00,CSG-3,F9 B5 B1081‑21,SpaceX,Cape Canaveral,28.5721,-80.648,1,24.227905,4.3061385,0.0,25.67862,76.02448,1012.97314,0.007152557373046875,19.317627,5.262100696563721,1.0,0,3.0,0,0,0,0,0
2026-01-04 06:48:00,Starlink: Group 6-88,F9 B5 B1101‑1,SpaceX,Cape Canaveral,28.5721,-80.648,1,24.615479,4.9089136,0.0,26.011871,69.86343,1013.8956,0.0,24.227905,4.698293685913086,1.0,0,4.0,0,0,0,0,0
2026-01-09 21:41:00,Starlink: Group 6-96,F9 B5 B1069‑29,SpaceX,Cape Canaveral,28.5721,-80.648,1,100.0,7.474887,0.21982193,25.623932,63.480354,1013.79,0.12683868408203125,100.0,6.599859237670898,1.0,0,9.0,0,0,0,0,0
2026-01-11 13:44:00,Twilight (Pandora and others 39 payloads),F9 B5 B1097‑5,SpaceX,Cape Canaveral,28.5721,-80.648,1,100.0,5.380894,0.83208084,24.367584,83.16647,1015.08624,0.3523826599121094,99.572754,7.474886894226074,1.0,0,11.0,0,0,0,0,0
2026-01-12 21:08:00,Starlink: Group 6-97,F9 B5 B1078‑25,SpaceX,Cape Canaveral,28.5721,-80.648,1,36.58142,5.4458027,0.0,26.202301,71.96673,1015.7325,1.1844635009765625,100.0,7.474886894226074,1.0,0,12.0,0,0,0,0,0
2026-01-14 18:08:00,Starlink: Group 6-98,F9 B5 B1085‑13,SpaceX,Cape Canaveral,28.5721,-80.648,1,0.0,2.846907,0.0,25.903473,74.36957,1013.03375,0.8320808410644531,87.246704,6.319270133972168,1.0,0,14.0,0,0,0,0,0
2026-01-17 04:39:00,NROL-105 (2 Starshield satellites),F9 B5 B1100‑2,SpaceX,Cape Canaveral,28.5721,-80.648,1,44.073486,2.9238245,0.0,25.421295,69.987206,1010.6856,0.0,0.3326416,3.179948091506958,1.0,0,17.0,0,0,0,0,0
2026-01-18 23:31:00,Starlink: Group 6-100,F9 B5 B1080‑24,SpaceX,Cape Canaveral,28.5721,-80.648,1,0.0,2.4862723,0.0,25.485016,64.25178,1009.605,0.0,44.073486,3.179948091506958,1.0,0,18.0,0,0,0,0,0
2026-01-22 05:47:00,Starlink: Group 17-30,F9 B5 B1093‑10,SpaceX,Cape Canaveral,28.5721,-80.648,1,6.665039,4.6797385,0.0,26.058746,61.947414,1013.1781,0.0,8.279419,4.420618534088135,1.0,0,22.0,0,0,0,0,0
2026-01-25 17:30:00,Starlink: Group 17-20,F9 B5 B1097‑6,SpaceX,Cape Canaveral,28.5721,-80.648,1,78.723145,3.292858,0.20503998,25.742096,83.51289,1013.7325,0.13208389282226562,76.54114,6.182807922363281,1.0,0,25.0,0,0,0,0,0
2026-01-28 04:53:00,GPS III-9,F9 B5 B1096‑5,SpaceX,Cape Canaveral,28.5721,-80.648,1,16.525269,3.7170937,0.0,25.427155,73.24361,1014.14685,0.20742416381835938,73.41614,6.182807922363281,1.0,0,28.0,0,0,0,0,0
2026-01-29 17:53:00,Starlink: Group 17-19,F9 B5 B1082‑19,SpaceX,Cape Canaveral,28.5721,-80.648,1,20.43457,3.7233422,0.0,25.792877,70.22778,1013.76874,0.002384185791015625,16.525269,5.0740742683410645,1.0,0,29.0,0,0,0,0,0
2026-01-30 07:22:00,Starlink: Group 6-101,F9 B5 B1095‑5,SpaceX,Cape Canaveral,28.5721,-80.648,1,2.5177002,4.4138403,0.0,25.557526,69.11835,1014.315,0.0,20.43457,5.0740742683410645,1.0,0,30.0,0,0,0,0,0
2026-02-02 15:47:00,Starlink: Group 17-32,F9 B5 B1071‑31,SpaceX,Cape Canaveral,28.5721,-80.648,1,30.43518,5.825646,0.0,25.947906,68.6331,1014.32623,0.0,6.7718506,5.516582489013672,2.0,0,33.0,0,0,0,0,0
2026-02-07 20:58:00,Starlink: Group 17-33,F9 B5 B1088‑13,SpaceX,Cape Canaveral,28.5721,-80.648,1,0.0,3.4419322,0.0,25.970367,71.21388,1012.85187,0.0,0.0,5.21982479095459,2.0,0,38.0,0,0,0,0,0
2026-02-11 17:11:00,Starlink: Group 17-34,F9 B5 B1100‑3,SpaceX,Cape Canaveral,28.5721,-80.648,1,79.57153,4.1031284,0.0,25.60904,61.194393,1014.45435,0.0,84.22241,4.032248020172119,2.0,0,42.0,0,0,0,0,0
2026-02-13 10:15:00,Crew-12 (Crew Dragon C212-5 Freedom),F9 B5 B1101‑2,SpaceX,Cape Canaveral,28.5721,-80.648,1,0.0,4.9275255,0.0,25.915436,73.49262,1012.21564,0.0,12.585449,4.141391754150391,2.0,0,44.0,0,0,0,0,0
2026-02-15 01:59:00,Starlink: Group 17-13,F9 B5 B1081‑22,SpaceX,Cape Canaveral,28.5721,-80.648,1,0.0,3.0050578,0.0,26.433258,68.0941,1011.1731,0.0,20.877075,4.927525520324707,2.0,0,46.0,0,0,0,0,0
2026-02-16 07:59:00,Starlink: Group 6-103,F9 B5 B1090‑10,SpaceX,Cape Canaveral,28.5721,-80.648,1,64.96887,3.591357,0.0,26.473541,73.17875,1010.3669,0.0,0.0,4.927525520324707,2.0,0,47.0,0,0,0,0,0
2026-02-20 01:41:00,Starlink: Group 10-36,F9 B5 B1077‑26,SpaceX,Cape Canaveral,28.5721,-80.648,1,1.0009766,5.027494,0.0,26.836334,75.215294,1011.35315,0.0,2.4932861,4.584202289581299,2.0,0,51.0,0,0,0,0,0
2026-02-21 09:04:00,Starlink: Group 17-25,F9 B5 B1063‑31,SpaceX,Cape Canaveral,28.5721,-80.648,1,39.401245,4.784909,0.0009536743,27.55899,77.4361,1008.3925,0.0,1.0009766,5.027493953704834,2.0,0,52.0,0,0,0,0,0
2026-02-22 03:47:00,Starlink: Group 6-104,F9 B5 B1067‑33,SpaceX,Cape Canaveral,28.5721,-80.648,1,96.813965,4.6618404,0.0,27.26944,79.260025,1006.485,0.00095367431640625,39.401245,5.027493953704834,2.0,0,53.0,0,0,0,0,0
2026-02-24 23:04:00,Starlink: Group 6-110,F9 B5 B1092‑10,SpaceX,Cape Canaveral,28.5721,-80.648,1,20.761108,3.9003646,0.0,27.252594,75.31088,1008.745,0.00095367431640625,11.373901,5.027493953704834,2.0,0,55.0,0,0,0,0,0
2026-02-25 14:17:00,Starlink: Group 17-26,F9 B5 B1093‑11,SpaceX,Cape Canaveral,28.5721,-80.648,1,36.886597,4.238813,0.0,27.683258,74.755394,1009.5087,0.0,20.761108,4.784908771514893,2.0,0,56.0,0,0,0,0,0
2026-02-27 12:16:00,Starlink: Group 6-108,F9 B5 B1069‑30,SpaceX,Cape Canaveral,28.5721,-80.648,1,1.0925293,5.184234,0.0,27.389069,75.824005,1006.9125,0.0,24.79248,4.312566757202148,2.0,0,58.0,0,0,0,0,0
2026-03-01 10:10:00,Starlink: Group 17-23,F9 B5 B1082‑20,SpaceX,Cape Canaveral,28.5721,-80.648,1,3.0029297,5.4195266,0.0,27.915924,76.68994,1008.2612,0.0,0.9063721,5.398987770080566,3.0,0,60.0,0,0,0,0,0
2026-03-02 02:56:00,Starlink: Group 10-41,F9 B5 B1078‑26,SpaceX,Cape Canaveral,28.5721,-80.648,1,0.0,4.3842955,0.0,27.83609,71.31856,1009.03625,0.0,3.0029297,5.41952657699585,3.0,0,61.0,0,0,0,0,0
2026-03-04 10:52:00,Starlink: Group 10-40,F9 B5 B1080‑25,SpaceX,Cape Canaveral,28.5721,-80.648,1,0.0,4.0443106,0.0,27.53897,73.97916,1009.8019,0.0,0.0,5.41952657699585,3.0,0,63.0,0,0,0,0,0
2013-03-10 00:00:00,SpaceX/NASA Scrubbed #0,Falcon 9,SpaceX,Cape Canaveral,28.5721,-80.648,0,0.0,6.1802235,0.0,27.832428,80.48168,1008.02374,0.003814697265625,6.729126,4.975342750549316,3.0,0,69.0,0,0,0,0,1
2019-06-03 00:00:00,SpaceX/NASA Scrubbed #1,Falcon Heavy,SpaceX,Cape Canaveral,28.5721,-80.648,0,37.88452,5.419252,0.0,31.568512,78.016815,1002.41565,0.0,0.0,7.916973114013672,6.0,1,154.0,0,0,0,0,1
2019-03-10 00:00:00,SpaceX/NASA Scrubbed #2,Falcon 9,SpaceX,Cape Canaveral,28.5721,-80.648,0,0.0,6.1021376,0.0,28.478424,83.80835,1010.2644,0.0,0.47912598,7.965682506561279,3.0,0,69.0,0,0,0,0,1
2013-04-03 00:00:00,SpaceX/NASA Scrubbed #3,Falcon 9,SpaceX,Cape Canaveral,28.5721,-80.648,0,16.864014,6.6756043,0.0,28.430817,77.19563,1006.96814,0.0,78.59192,7.981925010681152,4.0,0,93.0,0,0,0,0,1
2016-04-14 00:00:00,SpaceX/NASA Scrubbed #4,Falcon 9,SpaceX,Cape Canaveral,28.5721,-80.648,0,47.903442,8.375615,0.0,31.077057,81.79638,1004.155,0.0,10.308838,7.42576265335083,4.0,0,105.0,0,0,0,0,1
2014-12-21 00:00:00,SpaceX/NASA Scrubbed #5,Falcon Heavy,SpaceX,Cape Canaveral,28.5721,-80.648,0,87.854004,5.928194,0.0,25.567291,68.69868,1010.40625,0.10585784912109375,100.0,7.53900671005249,12.0,0,355.0,1,0,0,0,1
2022-09-04 00:00:00,SpaceX/NASA Scrubbed #6,Falcon Heavy,SpaceX,Cape Canaveral,28.5721,-80.648,0,10.629272,4.198869,0.0,30.934723,73.61263,1003.0594,1.2917518615722656,89.834595,4.6948089599609375,9.0,1,247.0,0,0,0,0,1
2010-07-06 00:00:00,SpaceX/NASA Scrubbed #7,Falcon 9,SpaceX,Cape Canaveral,28.5721,-80.648,0,100.0,1.3449117,0.10681152,28.988922,77.25343,1003.8212,0.5140304565429688,99.66736,5.14201021194458,7.0,1,187.0,0,0,0,0,1
2012-09-30 00:00:00,SpaceX/NASA Scrubbed #8,Falcon Heavy,SpaceX,Cape Canaveral,28.5721,-80.648,0,99.14551,1.8810478,0.0371933,27.481842,83.67897,1004.5475,0.2636909484863281,94.799805,4.506417751312256,9.0,1,274.0,0,0,0,0,1
2011-12-14 00:00:00,SpaceX/NASA Scrubbed #9,Falcon Heavy,SpaceX,Cape Canaveral,28.5721,-80.648,0,79.434204,5.695823,0.0,26.202301,73.77865,1011.5156,0.0,24.386597,5.271399021148682,12.0,0,348.0,1,0,0,0,1
2011-09-17 00:00:00,SpaceX/NASA Scrubbed #10,Falcon Heavy,SpaceX,Cape Canaveral,28.5721,-80.648,0,100.0,3.577795,0.0,30.087067,75.57898,1003.4794,0.032901763916015625,88.497925,4.798123359680176,9.0,1,260.0,0,0,0,0,1
2016-01-05 00:00:00,SpaceX/NASA Scrubbed #11,Falcon 9,SpaceX,Cape Canaveral,28.5721,-80.648,0,4.772949,3.5563493,0.0,26.56314,68.57638,1013.59375,0.0,1.385498,5.055944919586182,1.0,0,5.0,0,0,0,0,1
2020-05-06 00:00:00,SpaceX/NASA Scrubbed #12,Falcon Heavy,SpaceX,Cape Canaveral,28.5721,-80.648,0,0.0,7.1531405,0.0,30.310455,82.71556,1005.4363,0.0,0.0,6.860455513000488,5.0,0,127.0,0,0,0,0,1
2010-01-25 00:00:00,SpaceX/NASA Scrubbed #13,Falcon Heavy,SpaceX,Cape Canaveral,28.5721,-80.648,0,9.207153,4.527592,0.0,25.428864,73.13681,1011.92,0.0,25.85144,5.266491413116455,1.0,0,25.0,0,0,0,0,1
2013-08-20 00:00:00,SpaceX/NASA Scrubbed #14,Falcon 9,SpaceX,Cape Canaveral,28.5721,-80.648,0,100.0,0.99756396,0.02193451,30.17862,75.22651,1002.005,0.0,100.0,3.1973447799682617,8.0,1,232.0,0,0,0,0,1
2023-08-17 00:00:00,SpaceX/NASA Scrubbed #15,Falcon Heavy,SpaceX,Cape Canaveral,28.5721,-80.648,0,100.0,0.8479688,0.0,33.135406,59.67869,1004.21875,0.057697296142578125,49.37744,5.1218767166137695,8.0,1,229.0,0,0,0,0,1
2022-06-21 00:00:00,SpaceX/NASA Scrubbed #16,Falcon Heavy,SpaceX,Cape Canaveral,28.5721,-80.648,0,98.428345,2.4751484,0.051498413,31.10147,65.30584,1001.16565,0.07724761962890625,62.634277,6.066551208496094,6.0,1,172.0,0,0,0,0,1
2023-02-17 00:00:00,SpaceX/NASA Scrubbed #17,Falcon 9,SpaceX,Cape Canaveral,28.5721,-80.648,0,0.0,4.271911,0.0,26.590729,67.8183,1011.2531,0.0,0.0,4.354145050048828,2.0,0,48.0,0,0,0,0,1
2021-04-19 00:00:00,SpaceX/NASA Scrubbed #18,Falcon Heavy,SpaceX,Cape Canaveral,28.5721,-80.648,0,22.647095,5.99964,0.0,30.325836,83.67194,1005.0769,0.0,8.041382,6.026118278503418,4.0,0,109.0,0,0,0,0,1
2012-07-27 00:00:00,SpaceX/NASA Scrubbed #19,Falcon Heavy,SpaceX,Cape Canaveral,28.5721,-80.648,0,97.19849,4.946253,0.35524368,30.351227,72.3757,1000.9425,0.0,99.75891,3.576822519302368,7.0,1,209.0,0,0,0,0,1
2023-02-11 00:00:00,SpaceX/NASA Scrubbed #20,Falcon Heavy,SpaceX,Cape Canaveral,28.5721,-80.648,0,93.4906,2.7067516,0.0,27.0336,64.587975,1011.5087,0.0,18.463135,3.6353979110717773,2.0,0,42.0,0,0,0,0,1
2012-11-02 00:00:00,SpaceX/NASA Scrubbed #21,Falcon Heavy,SpaceX,Cape Canaveral,28.5721,-80.648,0,41.68091,5.2462597,0.03671646,28.479889,81.9594,1004.3862,4.719257354736328,97.72034,15.555599212646484,11.0,0,307.0,1,0,0,0,1
2015-09-01 00:00:00,SpaceX/NASA Scrubbed #22,Falcon Heavy,SpaceX,Cape Canaveral,28.5721,-80.648,0,100.0,5.308181,0.0,31.62735,71.244835,1003.7644,0.00667572021484375,96.6156,5.639707565307617,9.0,1,244.0,0,0,0,0,1
2020-05-14 00:00:00,SpaceX/NASA Scrubbed #23,Falcon 9,SpaceX,Cape Canaveral,28.5721,-80.648,0,3.3325195,3.9707382,0.0,30.97647,78.82981,1004.58685,0.0,94.80286,5.224084854125977,5.0,0,135.0,0,0,0,0,1
2021-03-23 00:00:00,SpaceX/NASA Scrubbed #24,Falcon Heavy,SpaceX,Cape Canaveral,28.5721,-80.648,0,0.0,3.7719302,0.0,28.622467,72.21613,1008.9775,0.0,43.304443,4.848608016967773,3.0,0,82.0,0,0,0,0,1
